hunt_code,row_count,source_count,source_names,source_families,species,unit,weapon,has_core_metadata,has_any_high_conf,has_any_medium_conf,has_draw_source,has_harvest_source,audit_confidence,needs_manual_review,audit_reasons
BI6500,2,2,2024_le_oial_all.pdf; 24_bg-odds.pdf,harvest_or_results; limited_entry_bonus,Bison,Antelope Island,Any Legal Weapon,True,True,False,True,True,HIGH,False,
BI6503,3,3,2024_le_oial_all.pdf; 24_bg-odds.pdf; 24_bg_report.pdf,harvest_or_results; limited_entry_bonus,Bison,Henry Mtns,Any Legal Weapon,True,True,False,True,True,HIGH,False,
BI6504,3,3,2024_le_oial_all.pdf; 24_bg-odds.pdf; 24_bg_report.pdf,harvest_or_results; limited_entry_bonus,Bison,Henry Mtns,Any Legal Weapon,True,True,False,True,True,HIGH,False,
BI6505,3,3,2024_le_oial_all.pdf; 24_bg-odds.pdf; 24_bg_report.pdf,harvest_or_results; limited_entry_bonus,Bison,Henry Mtns,Any Legal Weapon,True,True,False,True,True,HIGH,False,
BI6506,3,3,2024_le_oial_all.pdf; 24_bg-odds.pdf; 24_bg_report.pdf,harvest_or_results; limited_entry_bonus,Bison,Henry Mtns,Any Legal Weapon,True,True,False,True,True,HIGH,False,
BI6509,3,3,2024_le_oial_all.pdf; 24_bg-odds.pdf; 24_bg_report.pdf,harvest_or_results; limited_entry_bonus,Bison,Henry Mtns,Archery,True,True,False,True,True,HIGH,False,
BI6516,3,3,2024_le_oial_all.pdf; 24_bg-odds.pdf; 24_bg_report.pdf,harvest_or_results; limited_entry_bonus,Bison,Henry Mtns,Any Legal Weapon,True,True,False,True,True,HIGH,False,
BI6528,3,3,2024_le_oial_all.pdf; 24_bg-odds.pdf; 24_bg_report.pdf,harvest_or_results; limited_entry_bonus,Bison,"Book Cliffs, Little Creek/South",Archery,True,True,False,True,True,HIGH,False,
BI6529,3,3,2024_le_oial_all.pdf; 24_bg-odds.pdf; 24_bg_report.pdf,harvest_or_results; limited_entry_bonus,Bison,"Book Cliffs, Little Creek/South",Any Legal Weapon,True,True,False,True,True,HIGH,False,
BI6532,3,3,2024_le_oial_all.pdf; 24_bg-odds.pdf; 24_bg_report.pdf,harvest_or_results; limited_entry_bonus,Bison,"Book Cliffs, Bitter Creek",Archery,True,True,False,True,True,HIGH,False,
BI6534,3,3,2024_le_oial_all.pdf; 24_bg-odds.pdf; 24_bg_report.pdf,harvest_or_results; limited_entry_bonus,Bison,"Book Cliffs, Bitter Creek",Any Legal Weapon,True,True,False,True,True,HIGH,False,
BI6535,3,3,2024_le_oial_all.pdf; 24_bg-odds.pdf; 24_bg_report.pdf,harvest_or_results; limited_entry_bonus,Bison,"Book Cliffs, Bitter Creek",Any Legal Weapon,True,True,False,True,True,HIGH,False,
BI6536,3,3,2024_le_oial_all.pdf; 24_bg-odds.pdf; 24_bg_report.pdf,harvest_or_results; limited_entry_bonus,Bison,"Book Cliffs, Bitter Creek",Any Legal Weapon,True,True,False,True,True,HIGH,False,
BI6537,3,3,2024_le_oial_all.pdf; 24_bg-odds.pdf; 24_bg_report.pdf,harvest_or_results; limited_entry_bonus,Bison,"Book Cliffs, Little Creek/South",Any Legal Weapon,True,True,False,True,True,HIGH,False,
DB1000,3,3,2024_le_oial_all.pdf; 24_bg-odds.pdf; 24_bg_report.pdf,harvest_or_results; limited_entry_bonus,Deer,Henry Mtns,Archery,True,True,False,True,True,HIGH,False,
DB1001,3,3,2024_le_oial_all.pdf; 24_bg-odds.pdf; 24_bg_report.pdf,harvest_or_results; limited_entry_bonus,Deer,Paunsaugunt,Archery,True,True,False,True,True,HIGH,False,
DB1002,3,3,2024_le_oial_all.pdf; 24_bg-odds.pdf; 24_bg_report.pdf,harvest_or_results; limited_entry_bonus,Deer,Antelope Island,Any Legal Weapon,True,True,False,True,True,HIGH,False,
DB1003,3,3,2024_le_oial_all.pdf; 24_bg-odds.pdf; 24_bg_report.pdf,harvest_or_results; limited_entry_bonus,Deer,Henry Mtns,Any Legal Weapon,True,True,False,True,True,HIGH,False,
DB1004,3,3,2024_le_oial_all.pdf; 24_bg-odds.pdf; 24_bg_report.pdf,harvest_or_results; limited_entry_bonus,Deer,Paunsaugunt,Any Legal Weapon,True,True,False,True,True,HIGH,False,
DB1005,3,3,2024_le_oial_all.pdf; 24_bg-odds.pdf; 24_bg_report.pdf,harvest_or_results; limited_entry_bonus,Deer,Henry Mtns,Muzzleloader,True,True,False,True,True,HIGH,False,
DB1006,3,3,2024_le_oial_all.pdf; 24_bg-odds.pdf; 24_bg_report.pdf,harvest_or_results; limited_entry_bonus,Deer,Paunsaugunt,Muzzleloader,True,True,False,True,True,HIGH,False,
DB1007,3,3,2024_le_oial_all.pdf; 24_bg-odds.pdf; 24_bg_report.pdf,harvest_or_results; limited_entry_bonus,Deer,Henry Mtns,Multiseason,True,True,False,True,True,HIGH,False,
DB1008,3,3,2024_le_oial_all.pdf; 24_bg-odds.pdf; 24_bg_report.pdf,harvest_or_results; limited_entry_bonus,Deer,Paunsaugunt,Multiseason,True,True,False,True,True,HIGH,False,
DB1010,3,3,2024_le_oial_all.pdf; 24_bg-odds.pdf; 24_bg_report.pdf,harvest_or_results; limited_entry_bonus,Deer,Paunsaugunt,Any Legal Weapon,True,True,False,True,True,HIGH,False,
DB1011,3,3,2024_le_oial_all.pdf; 24_bg-odds.pdf; 24_bg_report.pdf,harvest_or_results; limited_entry_bonus,Deer,Book Cliffs,Archery,True,True,False,True,True,HIGH,False,
DB1012,3,3,2024_le_oial_all.pdf; 24_bg-odds.pdf; 24_bg_report.pdf,harvest_or_results; limited_entry_bonus,Deer,"Fillmore, Oak Creek LE",Archery,True,True,False,True,True,HIGH,False,
DB1013,3,3,2024_le_oial_all.pdf; 24_bg-odds.pdf; 24_bg_report.pdf,harvest_or_results; limited_entry_bonus,Deer,Dolores Triangle,Archery,True,True,False,True,True,HIGH,False,
DB1014,3,3,2024_le_oial_all.pdf; 24_bg-odds.pdf; 24_bg_report.pdf,harvest_or_results; limited_entry_bonus,Deer,"San Juan, Elk Ridge",Archery,True,True,False,True,True,HIGH,False,
DB1015,3,3,2024_le_oial_all.pdf; 24_bg-odds.pdf; 24_bg_report.pdf,harvest_or_results; limited_entry_bonus,Deer,Diamond Mtn,Archery,True,True,False,True,True,HIGH,False,
DB1016,3,3,2024_le_oial_all.pdf; 24_bg-odds.pdf; 24_bg_report.pdf,harvest_or_results; limited_entry_bonus,Deer,"West Desert, Vernon",Archery,True,True,False,True,True,HIGH,False,
DB1017,3,3,2024_le_oial_all.pdf; 24_bg-odds.pdf; 24_bg_report.pdf,harvest_or_results; limited_entry_bonus,Deer,"Book Cliffs, North",Any Legal Weapon,True,True,False,True,True,HIGH,False,
DB1018,3,3,2024_le_oial_all.pdf; 24_bg-odds.pdf; 24_bg_report.pdf,harvest_or_results; limited_entry_bonus,Deer,"Book Cliffs, South",Any Legal Weapon,True,True,False,True,True,HIGH,False,
DB1019,3,3,2024_le_oial_all.pdf; 24_bg-odds.pdf; 24_bg_report.pdf,harvest_or_results; limited_entry_bonus,Deer,"Fillmore, Oak Creek LE",Any Legal Weapon,True,True,False,True,True,HIGH,False,
DB1020,3,3,2024_le_oial_all.pdf; 24_bg-odds.pdf; 24_bg_report.pdf,harvest_or_results; limited_entry_bonus,Deer,Dolores Triangle,Any Legal Weapon,True,True,False,True,True,HIGH,False,
DB1022,3,3,2024_le_oial_all.pdf; 24_bg-odds.pdf; 24_bg_report.pdf,harvest_or_results; limited_entry_bonus,Deer,"San Juan, Elk Ridge",Any Legal Weapon,True,True,False,True,True,HIGH,False,
DB1023,3,3,2024_le_oial_all.pdf; 24_bg-odds.pdf; 24_bg_report.pdf,harvest_or_results; limited_entry_bonus,Deer,Diamond Mtn,Any Legal Weapon,True,True,False,True,True,HIGH,False,
DB1024,3,3,2024_le_oial_all.pdf; 24_bg-odds.pdf; 24_bg_report.pdf,harvest_or_results; limited_entry_bonus,Deer,"West Desert, Vernon",Any Legal Weapon,True,True,False,True,True,HIGH,False,
DB1025,3,3,2024_le_oial_all.pdf; 24_bg-odds.pdf; 24_bg_report.pdf,harvest_or_results; limited_entry_bonus,Deer,Book Cliffs,Muzzleloader,True,True,False,True,True,HIGH,False,
DB1026,3,3,2024_le_oial_all.pdf; 24_bg-odds.pdf; 24_bg_report.pdf,harvest_or_results; limited_entry_bonus,Deer,"Cache, Crawford Mtn",Muzzleloader,True,True,False,True,True,HIGH,False,
DB1028,3,3,2024_le_oial_all.pdf; 24_bg-odds.pdf; 24_bg_report.pdf,harvest_or_results; limited_entry_bonus,Deer,Fillmore,Muzzleloader,True,True,False,True,True,HIGH,False,
DB1029,3,3,2024_le_oial_all.pdf; 24_bg-odds.pdf; 24_bg_report.pdf,harvest_or_results; limited_entry_bonus,Deer,"Fillmore, Oak Creek LE",Muzzleloader,True,True,False,True,True,HIGH,False,
DB1030,3,3,2024_le_oial_all.pdf; 24_bg-odds.pdf; 24_bg_report.pdf,harvest_or_results; limited_entry_bonus,Deer,Kamas,Muzzleloader,True,True,False,True,True,HIGH,False,
DB1031,3,3,2024_le_oial_all.pdf; 24_bg-odds.pdf; 24_bg_report.pdf,harvest_or_results; limited_entry_bonus,Deer,Dolores Triangle,Muzzleloader,True,True,False,True,True,HIGH,False,
DB1032,3,3,2024_le_oial_all.pdf; 24_bg-odds.pdf; 24_bg_report.pdf,harvest_or_results; limited_entry_bonus,Deer,Monroe,Muzzleloader,True,True,False,True,True,HIGH,False,
DB1033,3,3,2024_le_oial_all.pdf; 24_bg-odds.pdf; 24_bg_report.pdf,harvest_or_results; limited_entry_bonus,Deer,Nine Mile,Muzzleloader,True,True,False,True,True,HIGH,False,
DB1034,3,3,2024_le_oial_all.pdf; 24_bg-odds.pdf; 24_bg_report.pdf,harvest_or_results; limited_entry_bonus,Deer,Pine Valley,Muzzleloader,True,True,False,True,True,HIGH,False,
DB1037,3,3,2024_le_oial_all.pdf; 24_bg-odds.pdf; 24_bg_report.pdf,harvest_or_results; limited_entry_bonus,Deer,"San Juan, Elk Ridge",Muzzleloader,True,True,False,True,True,HIGH,False,
DB1038,3,3,2024_le_oial_all.pdf; 24_bg-odds.pdf; 24_bg_report.pdf,harvest_or_results; limited_entry_bonus,Deer,Diamond Mtn,Muzzleloader,True,True,False,True,True,HIGH,False,
DB1039,3,3,2024_le_oial_all.pdf; 24_bg-odds.pdf; 24_bg_report.pdf,harvest_or_results; limited_entry_bonus,Deer,Yellowstone,Muzzleloader,True,True,False,True,True,HIGH,False,
DB1040,3,3,2024_le_oial_all.pdf; 24_bg-odds.pdf; 24_bg_report.pdf,harvest_or_results; limited_entry_bonus,Deer,Southwest Desert,Muzzleloader,True,True,False,True,True,HIGH,False,
DB1041,3,3,2024_le_oial_all.pdf; 24_bg-odds.pdf; 24_bg_report.pdf,harvest_or_results; limited_entry_bonus,Deer,"Wasatch Mtns, East",Muzzleloader,True,True,False,True,True,HIGH,False,
DB1042,3,3,2024_le_oial_all.pdf; 24_bg-odds.pdf; 24_bg_report.pdf,harvest_or_results; limited_entry_bonus,Deer,"West Desert, Vernon",Muzzleloader,True,True,False,True,True,HIGH,False,
DB1043,3,3,2024_le_oial_all.pdf; 24_bg-odds.pdf; 24_bg_report.pdf,harvest_or_results; limited_entry_bonus,Deer,Zion,Muzzleloader,True,True,False,True,True,HIGH,False,
DB1044,3,3,2024_le_oial_all.pdf; 24_bg-odds.pdf; 24_bg_report.pdf,harvest_or_results; limited_entry_bonus,Deer,Book Cliffs,Multiseason,True,True,False,True,True,HIGH,False,
DB1045,3,3,2024_le_oial_all.pdf; 24_bg-odds.pdf; 24_bg_report.pdf,harvest_or_results; limited_entry_bonus,Deer,"Fillmore, Oak Creek LE",Multiseason,True,True,False,True,True,HIGH,False,
DB1046,3,3,2024_le_oial_all.pdf; 24_bg-odds.pdf; 24_bg_report.pdf,harvest_or_results; limited_entry_bonus,Deer,"San Juan, Elk Ridge",Multiseason,True,True,False,True,True,HIGH,False,
DB1047,3,3,2024_le_oial_all.pdf; 24_bg-odds.pdf; 24_bg_report.pdf,harvest_or_results; limited_entry_bonus,Deer,Diamond Mtn,Multiseason,True,True,False,True,True,HIGH,False,
DB1048,3,3,2024_le_oial_all.pdf; 24_bg-odds.pdf; 24_bg_report.pdf,harvest_or_results; limited_entry_bonus,Deer,"West Desert, Vernon",Multiseason,True,True,False,True,True,HIGH,False,
DB1053,3,3,2024_le_oial_all.pdf; 24_bg-odds.pdf; 24_bg_report.pdf,harvest_or_results; limited_entry_bonus,Deer,Mt Dutton,Muzzleloader,True,True,False,True,True,HIGH,False,
DB1054,3,3,2024_le_oial_all.pdf; 24_bg-odds.pdf; 24_bg_report.pdf,harvest_or_results; limited_entry_bonus,Deer,Ogden,Muzzleloader,True,True,False,True,True,HIGH,False,
DB1055,3,3,2024_le_oial_all.pdf; 24_bg-odds.pdf; 24_bg_report.pdf,harvest_or_results; limited_entry_bonus,Deer,Fishlake,Muzzleloader,True,True,False,True,True,HIGH,False,
DB1058,3,3,2024_le_oial_all.pdf; 24_bg-odds.pdf; 24_bg_report.pdf,harvest_or_results; limited_entry_bonus,Deer,Paunsaugunt,Any Legal Weapon,True,True,False,True,True,HIGH,False,
DB1065,3,3,2024_le_oial_all.pdf; 24_bg-odds.pdf; 24_bg_report.pdf,harvest_or_results; limited_entry_bonus,Deer,North Slope,Muzzleloader,True,True,False,True,True,HIGH,False,
DB1073,3,3,2024_le_oial_all.pdf; 24_bg-odds.pdf; 24_bg_report.pdf,harvest_or_results; limited_entry_bonus,Deer,Paunsaugunt,Archery,True,True,False,True,True,HIGH,False,
DB1074,3,3,2024_le_oial_all.pdf; 24_bg-odds.pdf; 24_bg_report.pdf,harvest_or_results; limited_entry_bonus,Deer,Paunsaugunt,Muzzleloader,True,True,False,True,True,HIGH,False,
DB1077,3,3,2024_le_oial_all.pdf; 24_bg-odds.pdf; 24_bg_report.pdf,harvest_or_results; limited_entry_bonus,Deer,Box Elder,Muzzleloader,True,True,False,True,True,HIGH,False,
DB1078,3,3,2024_le_oial_all.pdf; 24_bg-odds.pdf; 24_bg_report.pdf,harvest_or_results; limited_entry_bonus,Deer,Cache,Muzzleloader,True,True,False,True,True,HIGH,False,
DB1079,3,3,2024_le_oial_all.pdf; 24_bg-odds.pdf; 24_bg_report.pdf,harvest_or_results; limited_entry_bonus,Deer,Manti/San Rafael,Muzzleloader,True,True,False,True,True,HIGH,False,
DB1080,3,3,2024_le_oial_all.pdf; 24_bg-odds.pdf; 24_bg_report.pdf,harvest_or_results; limited_entry_bonus,Deer,Nebo,Muzzleloader,True,True,False,True,True,HIGH,False,
DB1081,3,3,2024_le_oial_all.pdf; 24_bg-odds.pdf; 24_bg_report.pdf,harvest_or_results; limited_entry_bonus,Deer,La Sal Mtns,Muzzleloader,True,True,False,True,True,HIGH,False,
DB1083,3,3,2024_le_oial_all.pdf; 24_bg-odds.pdf; 24_bg_report.pdf,harvest_or_results; limited_entry_bonus,Deer,Panguitch Lake,Muzzleloader,True,True,False,True,True,HIGH,False,
DB1084,3,3,2024_le_oial_all.pdf; 24_bg-odds.pdf; 24_bg_report.pdf,harvest_or_results; limited_entry_bonus,Deer,Boulder/Kaiparowits,Muzzleloader,True,True,False,True,True,HIGH,False,
DB1085,3,3,2024_le_oial_all.pdf; 24_bg-odds.pdf; 24_bg_report.pdf,harvest_or_results; limited_entry_bonus,Deer,"San Juan, Abajo Mtns",Muzzleloader,True,True,False,True,True,HIGH,False,
DB1086,3,3,2024_le_oial_all.pdf; 24_bg-odds.pdf; 24_bg_report.pdf,harvest_or_results; limited_entry_bonus,Deer,Vernal/Bonanza,Muzzleloader,True,True,False,True,True,HIGH,False,
DB1087,3,3,2024_le_oial_all.pdf; 24_bg-odds.pdf; 24_bg_report.pdf,harvest_or_results; limited_entry_bonus,Deer,"Wasatch Mtns, West",Muzzleloader,True,True,False,True,True,HIGH,False,
DB1090,3,3,2024_le_oial_all.pdf; 24_bg-odds.pdf; 24_bg_report.pdf,harvest_or_results; limited_entry_bonus,Deer,"Book Cliffs, Floy Canyon",HAMSS,True,True,False,True,True,HIGH,False,
DB1091,3,3,2024_le_oial_all.pdf; 24_bg-odds.pdf; 24_bg_report.pdf,harvest_or_results; limited_entry_bonus,Deer,Kaiparowits HAMSS,HAMSS,True,True,False,True,True,HIGH,False,
DB1100,3,3,2024_le_oial_all.pdf; 24_bg-odds.pdf; 24_bg_report.pdf,harvest_or_results; limited_entry_bonus,Deer,Chalk Creek,Muzzleloader,True,True,False,True,True,HIGH,False,
DB1101,3,3,2024_le_oial_all.pdf; 24_bg-odds.pdf; 24_bg_report.pdf,harvest_or_results; limited_entry_bonus,Deer,East Canyon,Muzzleloader,True,True,False,True,True,HIGH,False,
DB1103,3,3,2024_le_oial_all.pdf; 24_bg-odds.pdf; 24_bg_report.pdf,harvest_or_results; limited_entry_bonus,Deer,Morgan-South Rich,Muzzleloader,True,True,False,True,True,HIGH,False,
DB1105,3,3,2024_le_oial_all.pdf; 24_bg-odds.pdf; 24_bg_report.pdf,harvest_or_results; limited_entry_bonus,Deer,East Canyon,HAMSS,True,True,False,True,True,HIGH,False,
DB1200,3,3,2024_le_oial_all.pdf; 24_bg-odds.pdf; 24_bg_report.pdf,harvest_or_results; limited_entry_bonus,Deer,Alton,Any Legal Weapon,True,True,False,True,True,HIGH,False,
DB1201,3,3,2024_le_oial_all.pdf; 24_bg-odds.pdf; 24_bg_report.pdf,harvest_or_results; limited_entry_bonus,Deer,Alton,Any Legal Weapon,True,True,False,True,True,HIGH,False,
DB1202,3,3,2024_le_oial_all.pdf; 24_bg-odds.pdf; 24_bg_report.pdf,harvest_or_results; limited_entry_bonus,Deer,Antelope Creek,Any Legal Weapon,True,True,False,True,True,HIGH,False,
DB1203,3,3,2024_le_oial_all.pdf; 24_bg-odds.pdf; 24_bg_report.pdf,harvest_or_results; limited_entry_bonus,Deer,Avintaquin Canyon,Any Legal Weapon,True,True,False,True,True,HIGH,False,
DB1204,3,3,2024_le_oial_all.pdf; 24_bg-odds.pdf; 24_bg_report.pdf,harvest_or_results; limited_entry_bonus,Deer,Bally Watts,Any Legal Weapon,True,True,False,True,True,HIGH,False,
DB1206,3,3,2024_le_oial_all.pdf; 24_bg-odds.pdf; 24_bg_report.pdf,harvest_or_results; limited_entry_bonus,Deer,Bear Mountain,Any Legal Weapon,True,True,False,True,True,HIGH,False,
DB1207,3,3,2024_le_oial_all.pdf; 24_bg-odds.pdf; 24_bg_report.pdf,harvest_or_results; limited_entry_bonus,Deer,Bear Springs,Any Legal Weapon,True,True,False,True,True,HIGH,False,
DB1208,3,3,2024_le_oial_all.pdf; 24_bg-odds.pdf; 24_bg_report.pdf,harvest_or_results; limited_entry_bonus,Deer,Black Hawk,Any Legal Weapon,True,True,False,True,True,HIGH,False,
DB1209,3,3,2024_le_oial_all.pdf; 24_bg-odds.pdf; 24_bg_report.pdf,harvest_or_results; limited_entry_bonus,Deer,Blind Spring,Any Legal Weapon,True,True,False,True,True,HIGH,False,
DB1211,3,3,2024_le_oial_all.pdf; 24_bg-odds.pdf; 24_bg_report.pdf,harvest_or_results; limited_entry_bonus,Deer,Blue Spring Hills,Any Legal Weapon,True,True,False,True,True,HIGH,False,
DB1212,3,3,2024_le_oial_all.pdf; 24_bg-odds.pdf; 24_bg_report.pdf,harvest_or_results; limited_entry_bonus,Deer,Bluebell,Any Legal Weapon,True,True,False,True,True,HIGH,False,
DB1213,3,3,2024_le_oial_all.pdf; 24_bg-odds.pdf; 24_bg_report.pdf,harvest_or_results; limited_entry_bonus,Deer,Boobe Hole,Any Legal Weapon,True,True,False,True,True,HIGH,False,
DB1215,3,3,2024_le_oial_all.pdf; 24_bg-odds.pdf; 24_bg_report.pdf,harvest_or_results; limited_entry_bonus,Deer,Buckhorn Ranch,Any Legal Weapon,True,True,False,True,True,HIGH,False,
DB1217,3,3,2024_le_oial_all.pdf; 24_bg-odds.pdf; 24_bg_report.pdf,harvest_or_results; limited_entry_bonus,Deer,Causey Spring,Any Legal Weapon,True,True,False,True,True,HIGH,False,
DB1219,3,3,2024_le_oial_all.pdf; 24_bg-odds.pdf; 24_bg_report.pdf,harvest_or_results; limited_entry_bonus,Deer,Chimney Rock,Any Legal Weapon,True,True,False,True,True,HIGH,False,
DB1222,3,3,2024_le_oial_all.pdf; 24_bg-odds.pdf; 24_bg_report.pdf,harvest_or_results; limited_entry_bonus,Deer,Coldwater Ranch,Any Legal Weapon,True,True,False,True,True,HIGH,False,
DB1224,3,3,2024_le_oial_all.pdf; 24_bg-odds.pdf; 24_bg_report.pdf,harvest_or_results; limited_entry_bonus,Deer,Cotton Thomas,Any Legal Weapon,True,True,False,True,True,HIGH,False,
DB1227,3,3,2024_le_oial_all.pdf; 24_bg-odds.pdf; 24_bg_report.pdf,harvest_or_results; limited_entry_bonus,Deer,Deer Haven,Any Legal Weapon,True,True,False,True,True,HIGH,False,
DB1228,3,3,2024_le_oial_all.pdf; 24_bg-odds.pdf; 24_bg_report.pdf,harvest_or_results; limited_entry_bonus,Deer,Deseret,Any Legal Weapon,True,True,False,True,True,HIGH,False,
DB1229,3,3,2024_le_oial_all.pdf; 24_bg-odds.pdf; 24_bg_report.pdf,harvest_or_results; limited_entry_bonus,Deer,Dilly Ranch,Any Legal Weapon,True,True,False,True,True,HIGH,False,
DB1230,3,3,2024_le_oial_all.pdf; 24_bg-odds.pdf; 24_bg_report.pdf,harvest_or_results; limited_entry_bonus,Deer,Double R Ranch,Any Legal Weapon,True,True,False,True,True,HIGH,False,
DB1231,3,3,2024_le_oial_all.pdf; 24_bg-odds.pdf; 24_bg_report.pdf,harvest_or_results; limited_entry_bonus,Deer,Dove Creek,Any Legal Weapon,True,True,False,True,True,HIGH,False,
DB1232,3,3,2024_le_oial_all.pdf; 24_bg-odds.pdf; 24_bg_report.pdf,harvest_or_results; limited_entry_bonus,Deer,Durst Mountain,Any Legal Weapon,True,True,False,True,True,HIGH,False,
DB1233,3,3,2024_le_oial_all.pdf; 24_bg-odds.pdf; 24_bg_report.pdf,harvest_or_results; limited_entry_bonus,Deer,East Fork Chalk Creek,Any Legal Weapon,True,True,False,True,True,HIGH,False,
DB1234,3,3,2024_le_oial_all.pdf; 24_bg-odds.pdf; 24_bg_report.pdf,harvest_or_results; limited_entry_bonus,Deer,East Zion,Any Legal Weapon,True,True,False,True,True,HIGH,False,
DB1236,3,3,2024_le_oial_all.pdf; 24_bg-odds.pdf; 24_bg_report.pdf,harvest_or_results; limited_entry_bonus,Deer,Engineer Springs,Any Legal Weapon,True,True,False,True,True,HIGH,False,
DB1237,3,3,2024_le_oial_all.pdf; 24_bg-odds.pdf; 24_bg_report.pdf,harvest_or_results; limited_entry_bonus,Deer,Ensign Ranches,Any Legal Weapon,True,True,False,True,True,HIGH,False,
DB1238,3,3,2024_le_oial_all.pdf; 24_bg-odds.pdf; 24_bg_report.pdf,harvest_or_results; limited_entry_bonus,Deer,Folley Ridge,Any Legal Weapon,True,True,False,True,True,HIGH,False,
DB1239,3,3,2024_le_oial_all.pdf; 24_bg-odds.pdf; 24_bg_report.pdf,harvest_or_results; limited_entry_bonus,Deer,Fort Ranch,Any Legal Weapon,True,True,False,True,True,HIGH,False,
DB1240,3,3,2024_le_oial_all.pdf; 24_bg-odds.pdf; 24_bg_report.pdf,harvest_or_results; limited_entry_bonus,Deer,George Creek,Any Legal Weapon,True,True,False,True,True,HIGH,False,
DB1241,3,3,2024_le_oial_all.pdf; 24_bg-odds.pdf; 24_bg_report.pdf,harvest_or_results; limited_entry_bonus,Deer,Golden Spike,Any Legal Weapon,True,True,False,True,True,HIGH,False,
DB1242,3,3,2024_le_oial_all.pdf; 24_bg-odds.pdf; 24_bg_report.pdf,harvest_or_results; limited_entry_bonus,Deer,Grass Valley/Clark Canyon,Any Legal Weapon,True,True,False,True,True,HIGH,False,
DB1243,3,3,2024_le_oial_all.pdf; 24_bg-odds.pdf; 24_bg_report.pdf,harvest_or_results; limited_entry_bonus,Deer,Grazing Pasture,Any Legal Weapon,True,True,False,True,True,HIGH,False,
DB1244,3,3,2024_le_oial_all.pdf; 24_bg-odds.pdf; 24_bg_report.pdf,harvest_or_results; limited_entry_bonus,Deer,Green Canyon,Any Legal Weapon,True,True,False,True,True,HIGH,False,
DB1245,2,2,2024_le_oial_all.pdf; 24_bg-odds.pdf,harvest_or_results; limited_entry_bonus,Deer,Guildersleeve,Any Legal Weapon,True,True,False,True,True,HIGH,False,
DB1246,3,3,2024_le_oial_all.pdf; 24_bg-odds.pdf; 24_bg_report.pdf,harvest_or_results; limited_entry_bonus,Deer,Hardscrabble,Any Legal Weapon,True,True,False,True,True,HIGH,False,
DB1248,3,3,2024_le_oial_all.pdf; 24_bg-odds.pdf; 24_bg_report.pdf,harvest_or_results; limited_entry_bonus,Deer,Heaston East,Any Legal Weapon,True,True,False,True,True,HIGH,False,
DB1249,3,3,2024_le_oial_all.pdf; 24_bg-odds.pdf; 24_bg_report.pdf,harvest_or_results; limited_entry_bonus,Deer,Hiawatha,Any Legal Weapon,True,True,False,True,True,HIGH,False,
DB1250,2,2,2024_le_oial_all.pdf; 24_bg-odds.pdf,harvest_or_results; limited_entry_bonus,Deer,Indian Creek,Any Legal Weapon,True,True,False,True,True,HIGH,False,
DB1251,3,3,2024_le_oial_all.pdf; 24_bg-odds.pdf; 24_bg_report.pdf,harvest_or_results; limited_entry_bonus,Deer,Indian Head,Any Legal Weapon,True,True,False,True,True,HIGH,False,
DB1252,3,3,2024_le_oial_all.pdf; 24_bg-odds.pdf; 24_bg_report.pdf,harvest_or_results; limited_entry_bonus,Deer,Ingham Peak,Any Legal Weapon,True,True,False,True,True,HIGH,False,
DB1253,3,3,2024_le_oial_all.pdf; 24_bg-odds.pdf; 24_bg_report.pdf,harvest_or_results; limited_entry_bonus,Deer,Circle E Ranch,Any Legal Weapon,True,True,False,True,True,HIGH,False,
DB1255,2,2,2024_le_oial_all.pdf; 24_bg-odds.pdf,harvest_or_results; limited_entry_bonus,Deer,Johnson Mountain Ranch,Any Legal Weapon,True,True,False,True,True,HIGH,False,
DB1256,3,3,2024_le_oial_all.pdf; 24_bg-odds.pdf; 24_bg_report.pdf,harvest_or_results; limited_entry_bonus,Deer,Junction Valley,Any Legal Weapon,True,True,False,True,True,HIGH,False,
DB1259,3,3,2024_le_oial_all.pdf; 24_bg-odds.pdf; 24_bg_report.pdf,harvest_or_results; limited_entry_bonus,Deer,Lone Tree Tunnel Hollow,Any Legal Weapon,True,True,False,True,True,HIGH,False,
DB1260,2,2,2024_le_oial_all.pdf; 24_bg-odds.pdf,harvest_or_results; limited_entry_bonus,Deer,Middle Ridge,Any Legal Weapon,True,True,False,True,True,HIGH,False,
DB1261,3,3,2024_le_oial_all.pdf; 24_bg-odds.pdf; 24_bg_report.pdf,harvest_or_results; limited_entry_bonus,Deer,Minnie Maud Ridge,Any Legal Weapon,True,True,False,True,True,HIGH,False,
DB1263,3,3,2024_le_oial_all.pdf; 24_bg-odds.pdf; 24_bg_report.pdf,harvest_or_results; limited_entry_bonus,Deer,Moon Ranch,Any Legal Weapon,True,True,False,True,True,HIGH,False,
DB1264,3,3,2024_le_oial_all.pdf; 24_bg-odds.pdf; 24_bg_report.pdf,harvest_or_results; limited_entry_bonus,Deer,Mountain Meadow,Any Legal Weapon,True,True,False,True,True,HIGH,False,
DB1265,2,2,2024_le_oial_all.pdf; 24_bg-odds.pdf,harvest_or_results; limited_entry_bonus,Deer,Mountain Top,Any Legal Weapon,True,True,False,True,True,HIGH,False,
DB1266,3,3,2024_le_oial_all.pdf; 24_bg-odds.pdf; 24_bg_report.pdf,harvest_or_results; limited_entry_bonus,Deer,Mt Carmel,Any Legal Weapon,True,True,False,True,True,HIGH,False,
DB1269,3,3,2024_le_oial_all.pdf; 24_bg-odds.pdf; 24_bg_report.pdf,harvest_or_results; limited_entry_bonus,Deer,North Promontory,Any Legal Weapon,True,True,False,True,True,HIGH,False,
DB1270,2,2,2024_le_oial_all.pdf; 24_bg-odds.pdf,harvest_or_results; limited_entry_bonus,Deer,Nucor West,Any Legal Weapon,True,True,False,True,True,HIGH,False,
DB1271,3,3,2024_le_oial_all.pdf; 24_bg-odds.pdf; 24_bg_report.pdf,harvest_or_results; limited_entry_bonus,Deer,Oak Ranch,Any Legal Weapon,True,True,False,True,True,HIGH,False,
DB1272,3,3,2024_le_oial_all.pdf; 24_bg-odds.pdf; 24_bg_report.pdf,harvest_or_results; limited_entry_bonus,Deer,Old Woman Plateau,Any Legal Weapon,True,True,False,True,True,HIGH,False,
DB1273,3,3,2024_le_oial_all.pdf; 24_bg-odds.pdf; 24_bg_report.pdf,harvest_or_results; limited_entry_bonus,Deer,Park Valley Hereford,Any Legal Weapon,True,True,False,True,True,HIGH,False,
DB1274,3,3,2024_le_oial_all.pdf; 24_bg-odds.pdf; 24_bg_report.pdf,harvest_or_results; limited_entry_bonus,Deer,Patmos Ridge,Any Legal Weapon,True,True,False,True,True,HIGH,False,
DB1275,2,2,2024_le_oial_all.pdf; 24_bg-odds.pdf,harvest_or_results; limited_entry_bonus,Deer,Pine Canyon,Any Legal Weapon,True,True,False,True,True,HIGH,False,
DB1277,3,3,2024_le_oial_all.pdf; 24_bg-odds.pdf; 24_bg_report.pdf,harvest_or_results; limited_entry_bonus,Deer,Pocatello Valley,Any Legal Weapon,True,True,False,True,True,HIGH,False,
DB1279,3,3,2024_le_oial_all.pdf; 24_bg-odds.pdf; 24_bg_report.pdf,harvest_or_results; limited_entry_bonus,Deer,Preston Nutter Ranch,Any Legal Weapon,True,True,False,True,True,HIGH,False,
DB1280,3,3,2024_le_oial_all.pdf; 24_bg-odds.pdf; 24_bg_report.pdf,harvest_or_results; limited_entry_bonus,Deer,Promontory Point,Any Legal Weapon,True,True,False,True,True,HIGH,False,
DB1281,3,3,2024_le_oial_all.pdf; 24_bg-odds.pdf; 24_bg_report.pdf,harvest_or_results; limited_entry_bonus,Deer,Rattlesnake Pass,Any Legal Weapon,True,True,False,True,True,HIGH,False,
DB1282,3,3,2024_le_oial_all.pdf; 24_bg-odds.pdf; 24_bg_report.pdf,harvest_or_results; limited_entry_bonus,Deer,Redd Ranches,Any Legal Weapon,True,True,False,True,True,HIGH,False,
DB1283,3,3,2024_le_oial_all.pdf; 24_bg-odds.pdf; 24_bg_report.pdf,harvest_or_results; limited_entry_bonus,Deer,Roan Cliffs,Any Legal Weapon,True,True,False,True,True,HIGH,False,
DB1285,3,3,2024_le_oial_all.pdf; 24_bg-odds.pdf; 24_bg_report.pdf,harvest_or_results; limited_entry_bonus,Deer,Sand Creek,Any Legal Weapon,True,True,False,True,True,HIGH,False,
DB1286,3,3,2024_le_oial_all.pdf; 24_bg-odds.pdf; 24_bg_report.pdf,harvest_or_results; limited_entry_bonus,Deer,Pisgah Mountain,Any Legal Weapon,True,True,False,True,True,HIGH,False,
DB1287,3,3,2024_le_oial_all.pdf; 24_bg-odds.pdf; 24_bg_report.pdf,harvest_or_results; limited_entry_bonus,Deer,Scofield Canyons,Any Legal Weapon,True,True,False,True,True,HIGH,False,
DB1288,3,3,2024_le_oial_all.pdf; 24_bg-odds.pdf; 24_bg_report.pdf,harvest_or_results; limited_entry_bonus,Deer,Scofield West,Any Legal Weapon,True,True,False,True,True,HIGH,False,
DB1289,3,3,2024_le_oial_all.pdf; 24_bg-odds.pdf; 24_bg_report.pdf,harvest_or_results; limited_entry_bonus,Deer,Sharp Mountain,Any Legal Weapon,True,True,False,True,True,HIGH,False,
DB1290,3,3,2024_le_oial_all.pdf; 24_bg-odds.pdf; 24_bg_report.pdf,harvest_or_results; limited_entry_bonus,Deer,Skull Crack,Any Legal Weapon,True,True,False,True,True,HIGH,False,
DB1291,3,3,2024_le_oial_all.pdf; 24_bg-odds.pdf; 24_bg_report.pdf,harvest_or_results; limited_entry_bonus,Deer,Skull Valley South,Any Legal Weapon,True,True,False,True,True,HIGH,False,
DB1292,3,3,2024_le_oial_all.pdf; 24_bg-odds.pdf; 24_bg_report.pdf,harvest_or_results; limited_entry_bonus,Deer,Soldier Summit,Any Legal Weapon,True,True,False,True,True,HIGH,False,
DB1293,3,3,2024_le_oial_all.pdf; 24_bg-odds.pdf; 24_bg_report.pdf,harvest_or_results; limited_entry_bonus,Deer,South Canyon,Any Legal Weapon,True,True,False,True,True,HIGH,False,
DB1294,3,3,2024_le_oial_all.pdf; 24_bg-odds.pdf; 24_bg_report.pdf,harvest_or_results; limited_entry_bonus,Deer,Spring Creek Acres,Any Legal Weapon,True,True,False,True,True,HIGH,False,
DB1295,3,3,2024_le_oial_all.pdf; 24_bg-odds.pdf; 24_bg_report.pdf,harvest_or_results; limited_entry_bonus,Deer,Spring Creek/Dodge,Any Legal Weapon,True,True,False,True,True,HIGH,False,
DB1298,3,3,2024_le_oial_all.pdf; 24_bg-odds.pdf; 24_bg_report.pdf,harvest_or_results; limited_entry_bonus,Deer,Strawberry Ridge,Any Legal Weapon,True,True,False,True,True,HIGH,False,
DB1299,3,3,2024_le_oial_all.pdf; 24_bg-odds.pdf; 24_bg_report.pdf,harvest_or_results; limited_entry_bonus,Deer,Summit Point,Any Legal Weapon,True,True,False,True,True,HIGH,False,
DB1300,3,3,2024_le_oial_all.pdf; 24_bg-odds.pdf; 24_bg_report.pdf,harvest_or_results; limited_entry_bonus,Deer,Thatcher Mountain,Any Legal Weapon,True,True,False,True,True,HIGH,False,
DB1301,3,3,2024_le_oial_all.pdf; 24_bg-odds.pdf; 24_bg_report.pdf,harvest_or_results; limited_entry_bonus,Deer,Three C,Any Legal Weapon,True,True,False,True,True,HIGH,False,
DB1303,3,3,2024_le_oial_all.pdf; 24_bg-odds.pdf; 24_bg_report.pdf,harvest_or_results; limited_entry_bonus,Deer,North Peaks,Any Legal Weapon,True,True,False,True,True,HIGH,False,
DB1304,3,3,2024_le_oial_all.pdf; 24_bg-odds.pdf; 24_bg_report.pdf,harvest_or_results; limited_entry_bonus,Deer,Two Bear,Any Legal Weapon,True,True,False,True,True,HIGH,False,
DB1305,3,3,2024_le_oial_all.pdf; 24_bg-odds.pdf; 24_bg_report.pdf,harvest_or_results; limited_entry_bonus,Deer,Wallsburg,Any Legal Weapon,True,True,False,True,True,HIGH,False,
DB1306,3,3,2024_le_oial_all.pdf; 24_bg-odds.pdf; 24_bg_report.pdf,harvest_or_results; limited_entry_bonus,Deer,Washakie,Any Legal Weapon,True,True,False,True,True,HIGH,False,
DB1308,3,3,2024_le_oial_all.pdf; 24_bg-odds.pdf; 24_bg_report.pdf,harvest_or_results; limited_entry_bonus,Deer,West Hills,Any Legal Weapon,True,True,False,True,True,HIGH,False,
DB1309,3,3,2024_le_oial_all.pdf; 24_bg-odds.pdf; 24_bg_report.pdf,harvest_or_results; limited_entry_bonus,Deer,West Willow Creek Ranch,Any Legal Weapon,True,True,False,True,True,HIGH,False,
DB1310,3,3,2024_le_oial_all.pdf; 24_bg-odds.pdf; 24_bg_report.pdf,harvest_or_results; limited_entry_bonus,Deer,White's Valley,Any Legal Weapon,True,True,False,True,True,HIGH,False,
DB1312,3,3,2024_le_oial_all.pdf; 24_bg-odds.pdf; 24_bg_report.pdf,harvest_or_results; limited_entry_bonus,Deer,Woodruff Creek South,Any Legal Weapon,True,True,False,True,True,HIGH,False,
DB1317,3,3,2024_le_oial_all.pdf; 24_bg-odds.pdf; 24_bg_report.pdf,harvest_or_results; limited_entry_bonus,Deer,Jacob's Creek,Any Legal Weapon,True,True,False,True,True,HIGH,False,
DB1320,3,3,2024_le_oial_all.pdf; 24_bg-odds.pdf; 24_bg_report.pdf,harvest_or_results; limited_entry_bonus,Deer,Deer Creek,Any Legal Weapon,True,True,False,True,True,HIGH,False,
DB1322,3,3,2024_le_oial_all.pdf; 24_bg-odds.pdf; 24_bg_report.pdf,harvest_or_results; limited_entry_bonus,Deer,Pahvant Ensign,Any Legal Weapon,True,True,False,True,True,HIGH,False,
DB1324,3,3,2024_le_oial_all.pdf; 24_bg-odds.pdf; 24_bg_report.pdf,harvest_or_results; limited_entry_bonus,Deer,Royal Ivory Outfitters,Any Legal Weapon,True,True,False,True,True,HIGH,False,
DB1325,3,3,2024_le_oial_all.pdf; 24_bg-odds.pdf; 24_bg_report.pdf,harvest_or_results; limited_entry_bonus,Deer,Double Cone,Any Legal Weapon,True,True,False,True,True,HIGH,False,
DB1326,3,3,2024_le_oial_all.pdf; 24_bg-odds.pdf; 24_bg_report.pdf,harvest_or_results; limited_entry_bonus,Deer,Rosette,Any Legal Weapon,True,True,False,True,True,HIGH,False,
DB1327,3,3,2024_le_oial_all.pdf; 24_bg-odds.pdf; 24_bg_report.pdf,harvest_or_results; limited_entry_bonus,Deer,Mountain Sky Ranch,Any Legal Weapon,True,True,False,True,True,HIGH,False,
DB1328,3,3,2024_le_oial_all.pdf; 24_bg-odds.pdf; 24_bg_report.pdf,harvest_or_results; limited_entry_bonus,Deer,Clear Creek,Any Legal Weapon,True,True,False,True,True,HIGH,False,
DB1330,3,3,2024_le_oial_all.pdf; 24_bg-odds.pdf; 24_bg_report.pdf,harvest_or_results; limited_entry_bonus,Deer,Iron Spring,Any Legal Weapon,True,True,False,True,True,HIGH,False,
DB1331,3,3,2024_le_oial_all.pdf; 24_bg-odds.pdf; 24_bg_report.pdf,harvest_or_results; limited_entry_bonus,Deer,Raft River,Any Legal Weapon,True,True,False,True,True,HIGH,False,
DB1332,3,3,2024_le_oial_all.pdf; 24_bg-odds.pdf; 24_bg_report.pdf,harvest_or_results; limited_entry_bonus,Deer,West Ridge,Any Legal Weapon,True,True,False,True,True,HIGH,False,
DB1333,3,3,2024_le_oial_all.pdf; 24_bg-odds.pdf; 24_bg_report.pdf,harvest_or_results; limited_entry_bonus,Deer,5S Land and Livestock,Any Legal Weapon,True,True,False,True,True,HIGH,False,
DB1334,3,3,2024_le_oial_all.pdf; 24_bg-odds.pdf; 24_bg_report.pdf,harvest_or_results; limited_entry_bonus,Deer,Alton,Any Legal Weapon,True,True,False,True,True,HIGH,False,
DB1335,3,3,2024_le_oial_all.pdf; 24_bg-odds.pdf; 24_bg_report.pdf,harvest_or_results; limited_entry_bonus,Deer,Big Piney Ranch,Any Legal Weapon,True,True,False,True,True,HIGH,False,
DB1336,3,3,2024_le_oial_all.pdf; 24_bg-odds.pdf; 24_bg_report.pdf,harvest_or_results; limited_entry_bonus,Deer,First Light,Any Legal Weapon,True,True,False,True,True,HIGH,False,
DB1337,3,3,2024_le_oial_all.pdf; 24_bg-odds.pdf; 24_bg_report.pdf,harvest_or_results; limited_entry_bonus,Deer,Little Pole Canyon,Any Legal Weapon,True,True,False,True,True,HIGH,False,
DB1341,3,3,2024_le_oial_all.pdf; 24_bg-odds.pdf; 24_bg_report.pdf,harvest_or_results; limited_entry_bonus,Deer,Dry Creek,Any Legal Weapon,True,True,False,True,True,HIGH,False,
DB1342,3,3,2024_le_oial_all.pdf; 24_bg-odds.pdf; 24_bg_report.pdf,harvest_or_results; limited_entry_bonus,Deer,Faust Valley,Any Legal Weapon,True,True,False,True,True,HIGH,False,
DB1343,3,3,2024_le_oial_all.pdf; 24_bg-odds.pdf; 24_bg_report.pdf,harvest_or_results; limited_entry_bonus,Deer,Red Iron,Any Legal Weapon,True,True,False,True,True,HIGH,False,
DB1344,3,3,2024_le_oial_all.pdf; 24_bg-odds.pdf; 24_bg_report.pdf,harvest_or_results; limited_entry_bonus,Deer,Salt Wells,Any Legal Weapon,True,True,False,True,True,HIGH,False,
DB1345,3,3,2024_le_oial_all.pdf; 24_bg-odds.pdf; 24_bg_report.pdf,harvest_or_results; limited_entry_bonus,Deer,Diamond Mountain CWMU,Any Legal Weapon,True,True,False,True,True,HIGH,False,
DB1347,3,3,2024_le_oial_all.pdf; 24_bg-odds.pdf; 24_bg_report.pdf,harvest_or_results; limited_entry_bonus,Deer,The Rose of Snowville,Any Legal Weapon,True,True,False,True,True,HIGH,False,
DB1348,3,3,2024_le_oial_all.pdf; 24_bg-odds.pdf; 24_bg_report.pdf,harvest_or_results; limited_entry_bonus,Deer,Kimberly,Any Legal Weapon,True,True,False,True,True,HIGH,False,
DB1349,3,3,2024_le_oial_all.pdf; 24_bg-odds.pdf; 24_bg_report.pdf,harvest_or_results; limited_entry_bonus,Deer,Weber Florence Creek/Stillman Creek,Any Legal Weapon,True,True,False,True,True,HIGH,False,
DB1501,5,5,2024_gs_buck_deer_hr.pdf; 24_bg_report.pdf; 24_deer_odds.pdf; 24_lifetime_deer.pdf; 24_youth_deer.pdf,general_season_deer; harvest_or_results; limited_entry_bonus; youth_misc,Deer,Box Elder,Archery,True,True,False,True,True,HIGH,False,
DB1502,5,5,2024_gs_buck_deer_hr.pdf; 24_bg_report.pdf; 24_deer_odds.pdf; 24_lifetime_deer.pdf; 24_youth_deer.pdf,general_season_deer; harvest_or_results; limited_entry_bonus; youth_misc,Deer,Cache,Archery,True,True,False,True,True,HIGH,False,
DB1503,5,5,2024_gs_buck_deer_hr.pdf; 24_bg_report.pdf; 24_deer_odds.pdf; 24_lifetime_deer.pdf; 24_youth_deer.pdf,general_season_deer; harvest_or_results; limited_entry_bonus; youth_misc,Deer,Manti/San Rafael,Archery,True,True,False,True,True,HIGH,False,
DB1504,5,5,2024_gs_buck_deer_hr.pdf; 24_bg_report.pdf; 24_deer_odds.pdf; 24_lifetime_deer.pdf; 24_youth_deer.pdf,general_season_deer; harvest_or_results; limited_entry_bonus; youth_misc,Deer,Nebo,Archery,True,True,False,True,True,HIGH,False,
DB1506,5,5,2024_gs_buck_deer_hr.pdf; 24_bg_report.pdf; 24_deer_odds.pdf; 24_lifetime_deer.pdf; 24_youth_deer.pdf,general_season_deer; harvest_or_results; limited_entry_bonus; youth_misc,Deer,Fillmore,Archery,True,True,False,True,True,HIGH,False,
DB1508,5,5,2024_gs_buck_deer_hr.pdf; 24_bg_report.pdf; 24_deer_odds.pdf; 24_lifetime_deer.pdf; 24_youth_deer.pdf,general_season_deer; harvest_or_results; limited_entry_bonus; youth_misc,Deer,Kamas,Archery,True,True,False,True,True,HIGH,False,
DB1509,5,5,2024_gs_buck_deer_hr.pdf; 24_bg_report.pdf; 24_deer_odds.pdf; 24_lifetime_deer.pdf; 24_youth_deer.pdf,general_season_deer; harvest_or_results; limited_entry_bonus; youth_misc,Deer,La Sal Mtns,Archery,True,True,False,True,True,HIGH,False,
DB1510,5,5,2024_gs_buck_deer_hr.pdf; 24_bg_report.pdf; 24_deer_odds.pdf; 24_lifetime_deer.pdf; 24_youth_deer.pdf,general_season_deer; harvest_or_results; limited_entry_bonus; youth_misc,Deer,Monroe,Archery,True,True,False,True,True,HIGH,False,
DB1511,5,5,2024_gs_buck_deer_hr.pdf; 24_bg_report.pdf; 24_deer_odds.pdf; 24_lifetime_deer.pdf; 24_youth_deer.pdf,general_season_deer; harvest_or_results; limited_entry_bonus; youth_misc,Deer,Mt Dutton,Archery,True,True,False,True,True,HIGH,False,
DB1512,5,5,2024_gs_buck_deer_hr.pdf; 24_bg_report.pdf; 24_deer_odds.pdf; 24_lifetime_deer.pdf; 24_youth_deer.pdf,general_season_deer; harvest_or_results; limited_entry_bonus; youth_misc,Deer,Nine Mile,Archery,True,True,False,True,True,HIGH,False,
DB1513,5,5,2024_gs_buck_deer_hr.pdf; 24_bg_report.pdf; 24_deer_odds.pdf; 24_lifetime_deer.pdf; 24_youth_deer.pdf,general_season_deer; harvest_or_results; limited_entry_bonus; youth_misc,Deer,North Slope,Archery,True,True,False,True,True,HIGH,False,
DB1514,5,5,2024_gs_buck_deer_hr.pdf; 24_bg_report.pdf; 24_deer_odds.pdf; 24_lifetime_deer.pdf; 24_youth_deer.pdf,general_season_deer; harvest_or_results; limited_entry_bonus; youth_misc,Deer,Ogden,Archery,True,True,False,True,True,HIGH,False,
DB1516,5,5,2024_gs_buck_deer_hr.pdf; 24_bg_report.pdf; 24_deer_odds.pdf; 24_lifetime_deer.pdf; 24_youth_deer.pdf,general_season_deer; harvest_or_results; limited_entry_bonus; youth_misc,Deer,Panguitch Lake,Archery,True,True,False,True,True,HIGH,False,
DB1517,5,5,2024_gs_buck_deer_hr.pdf; 24_bg_report.pdf; 24_deer_odds.pdf; 24_lifetime_deer.pdf; 24_youth_deer.pdf,general_season_deer; harvest_or_results; limited_entry_bonus; youth_misc,Deer,Pine Valley,Archery,True,True,False,True,True,HIGH,False,
DB1518,5,5,2024_gs_buck_deer_hr.pdf; 24_bg_report.pdf; 24_deer_odds.pdf; 24_lifetime_deer.pdf; 24_youth_deer.pdf,general_season_deer; harvest_or_results; limited_entry_bonus; youth_misc,Deer,Boulder/Kaiparowits,Archery,True,True,False,True,True,HIGH,False,
DB1519,5,5,2024_gs_buck_deer_hr.pdf; 24_bg_report.pdf; 24_deer_odds.pdf; 24_lifetime_deer.pdf; 24_youth_deer.pdf,general_season_deer; harvest_or_results; limited_entry_bonus; youth_misc,Deer,Fishlake,Archery,True,True,False,True,True,HIGH,False,
DB1521,5,5,2024_gs_buck_deer_hr.pdf; 24_bg_report.pdf; 24_deer_odds.pdf; 24_lifetime_deer.pdf; 24_youth_deer.pdf,general_season_deer; harvest_or_results; limited_entry_bonus; youth_misc,Deer,"San Juan, Abajo Mtns",Archery,True,True,False,True,True,HIGH,False,
DB1522,5,5,2024_gs_buck_deer_hr.pdf; 24_bg_report.pdf; 24_deer_odds.pdf; 24_lifetime_deer.pdf; 24_youth_deer.pdf,general_season_deer; harvest_or_results; limited_entry_bonus; youth_misc,Deer,Vernal/Bonanza,Archery,True,True,False,True,True,HIGH,False,
DB1523,5,5,2024_gs_buck_deer_hr.pdf; 24_bg_report.pdf; 24_deer_odds.pdf; 24_lifetime_deer.pdf; 24_youth_deer.pdf,general_season_deer; harvest_or_results; limited_entry_bonus; youth_misc,Deer,Yellowstone,Archery,True,True,False,True,True,HIGH,False,
DB1524,5,5,2024_gs_buck_deer_hr.pdf; 24_bg_report.pdf; 24_deer_odds.pdf; 24_lifetime_deer.pdf; 24_youth_deer.pdf,general_season_deer; harvest_or_results; limited_entry_bonus; youth_misc,Deer,Southwest Desert,Archery,True,True,False,True,True,HIGH,False,
DB1525,5,5,2024_gs_buck_deer_hr.pdf; 24_bg_report.pdf; 24_deer_odds.pdf; 24_lifetime_deer.pdf; 24_youth_deer.pdf,general_season_deer; harvest_or_results; limited_entry_bonus; youth_misc,Deer,"Wasatch Mtns, East",Archery,True,True,False,True,True,HIGH,False,
DB1526,5,5,2024_gs_buck_deer_hr.pdf; 24_bg_report.pdf; 24_deer_odds.pdf; 24_lifetime_deer.pdf; 24_youth_deer.pdf,general_season_deer; harvest_or_results; limited_entry_bonus; youth_misc,Deer,"Wasatch Mtns, West",Archery,True,True,False,True,True,HIGH,False,
DB1529,5,5,2024_gs_buck_deer_hr.pdf; 24_bg_report.pdf; 24_deer_odds.pdf; 24_lifetime_deer.pdf; 24_youth_deer.pdf,general_season_deer; harvest_or_results; limited_entry_bonus; youth_misc,Deer,Zion,Archery,True,True,False,True,True,HIGH,False,
DB1531,5,5,2024_gs_buck_deer_hr.pdf; 24_bg_report.pdf; 24_deer_odds.pdf; 24_lifetime_deer.pdf; 24_youth_deer.pdf,general_season_deer; harvest_or_results; limited_entry_bonus; youth_misc,Deer,Box Elder,Any Legal Weapon,True,True,False,True,True,HIGH,False,
DB1533,5,5,2024_gs_buck_deer_hr.pdf; 24_bg_report.pdf; 24_deer_odds.pdf; 24_lifetime_deer.pdf; 24_youth_deer.pdf,general_season_deer; harvest_or_results; limited_entry_bonus; youth_misc,Deer,Manti/San Rafael,Any Legal Weapon,True,True,False,True,True,HIGH,False,
DB1534,5,5,2024_gs_buck_deer_hr.pdf; 24_bg_report.pdf; 24_deer_odds.pdf; 24_lifetime_deer.pdf; 24_youth_deer.pdf,general_season_deer; harvest_or_results; limited_entry_bonus; youth_misc,Deer,Nebo,Any Legal Weapon,True,True,False,True,True,HIGH,False,
DB1536,5,5,2024_gs_buck_deer_hr.pdf; 24_bg_report.pdf; 24_deer_odds.pdf; 24_lifetime_deer.pdf; 24_youth_deer.pdf,general_season_deer; harvest_or_results; limited_entry_bonus; youth_misc,Deer,Fillmore,Any Legal Weapon,True,True,False,True,True,HIGH,False,
DB1538,5,5,2024_gs_buck_deer_hr.pdf; 24_bg_report.pdf; 24_deer_odds.pdf; 24_lifetime_deer.pdf; 24_youth_deer.pdf,general_season_deer; harvest_or_results; limited_entry_bonus; youth_misc,Deer,Kamas,Any Legal Weapon,True,True,False,True,True,HIGH,False,
DB1539,5,5,2024_gs_buck_deer_hr.pdf; 24_bg_report.pdf; 24_deer_odds.pdf; 24_lifetime_deer.pdf; 24_youth_deer.pdf,general_season_deer; harvest_or_results; limited_entry_bonus; youth_misc,Deer,La Sal Mtns,Any Legal Weapon,True,True,False,True,True,HIGH,False,
DB1540,5,5,2024_gs_buck_deer_hr.pdf; 24_bg_report.pdf; 24_deer_odds.pdf; 24_lifetime_deer.pdf; 24_youth_deer.pdf,general_season_deer; harvest_or_results; limited_entry_bonus; youth_misc,Deer,Monroe,Any Legal Weapon,True,True,False,True,True,HIGH,False,
DB1541,5,5,2024_gs_buck_deer_hr.pdf; 24_bg_report.pdf; 24_deer_odds.pdf; 24_lifetime_deer.pdf; 24_youth_deer.pdf,general_season_deer; harvest_or_results; limited_entry_bonus; youth_misc,Deer,Mt Dutton,Any Legal Weapon,True,True,False,True,True,HIGH,False,
DB1542,5,5,2024_gs_buck_deer_hr.pdf; 24_bg_report.pdf; 24_deer_odds.pdf; 24_lifetime_deer.pdf; 24_youth_deer.pdf,general_season_deer; harvest_or_results; limited_entry_bonus; youth_misc,Deer,Nine Mile,Any Legal Weapon,True,True,False,True,True,HIGH,False,
DB1543,5,5,2024_gs_buck_deer_hr.pdf; 24_bg_report.pdf; 24_deer_odds.pdf; 24_lifetime_deer.pdf; 24_youth_deer.pdf,general_season_deer; harvest_or_results; limited_entry_bonus; youth_misc,Deer,North Slope,Any Legal Weapon,True,True,False,True,True,HIGH,False,
DB1544,5,5,2024_gs_buck_deer_hr.pdf; 24_bg_report.pdf; 24_deer_odds.pdf; 24_lifetime_deer.pdf; 24_youth_deer.pdf,general_season_deer; harvest_or_results; limited_entry_bonus; youth_misc,Deer,Ogden,Any Legal Weapon,True,True,False,True,True,HIGH,False,
DB1546,5,5,2024_gs_buck_deer_hr.pdf; 24_bg_report.pdf; 24_deer_odds.pdf; 24_lifetime_deer.pdf; 24_youth_deer.pdf,general_season_deer; harvest_or_results; limited_entry_bonus; youth_misc,Deer,Panguitch Lake,Any Legal Weapon,True,True,False,True,True,HIGH,False,
DB1547,5,5,2024_gs_buck_deer_hr.pdf; 24_bg_report.pdf; 24_deer_odds.pdf; 24_lifetime_deer.pdf; 24_youth_deer.pdf,general_season_deer; harvest_or_results; limited_entry_bonus; youth_misc,Deer,Pine Valley,Any Legal Weapon,True,True,False,True,True,HIGH,False,
DB1549,5,5,2024_gs_buck_deer_hr.pdf; 24_bg_report.pdf; 24_deer_odds.pdf; 24_lifetime_deer.pdf; 24_youth_deer.pdf,general_season_deer; harvest_or_results; limited_entry_bonus; youth_misc,Deer,Fishlake,Any Legal Weapon,True,True,False,True,True,HIGH,False,
DB1551,5,5,2024_gs_buck_deer_hr.pdf; 24_bg_report.pdf; 24_deer_odds.pdf; 24_lifetime_deer.pdf; 24_youth_deer.pdf,general_season_deer; harvest_or_results; limited_entry_bonus; youth_misc,Deer,"San Juan, Abajo Mtns",Any Legal Weapon,True,True,False,True,True,HIGH,False,
DB1552,5,5,2024_gs_buck_deer_hr.pdf; 24_bg_report.pdf; 24_deer_odds.pdf; 24_lifetime_deer.pdf; 24_youth_deer.pdf,general_season_deer; harvest_or_results; limited_entry_bonus; youth_misc,Deer,Vernal/Bonanza,Any Legal Weapon,True,True,False,True,True,HIGH,False,
DB1553,5,5,2024_gs_buck_deer_hr.pdf; 24_bg_report.pdf; 24_deer_odds.pdf; 24_lifetime_deer.pdf; 24_youth_deer.pdf,general_season_deer; harvest_or_results; limited_entry_bonus; youth_misc,Deer,Yellowstone,Any Legal Weapon,True,True,False,True,True,HIGH,False,
DB1554,5,5,2024_gs_buck_deer_hr.pdf; 24_bg_report.pdf; 24_deer_odds.pdf; 24_lifetime_deer.pdf; 24_youth_deer.pdf,general_season_deer; harvest_or_results; limited_entry_bonus; youth_misc,Deer,Southwest Desert,Any Legal Weapon,True,True,False,True,True,HIGH,False,
DB1555,5,5,2024_gs_buck_deer_hr.pdf; 24_bg_report.pdf; 24_deer_odds.pdf; 24_lifetime_deer.pdf; 24_youth_deer.pdf,general_season_deer; harvest_or_results; limited_entry_bonus; youth_misc,Deer,"Wasatch Mtns, East",Any Legal Weapon,True,True,False,True,True,HIGH,False,
DB1556,5,5,2024_gs_buck_deer_hr.pdf; 24_bg_report.pdf; 24_deer_odds.pdf; 24_lifetime_deer.pdf; 24_youth_deer.pdf,general_season_deer; harvest_or_results; limited_entry_bonus; youth_misc,Deer,"Wasatch Mtns, West",Any Legal Weapon,True,True,False,True,True,HIGH,False,
DB1559,5,5,2024_gs_buck_deer_hr.pdf; 24_bg_report.pdf; 24_deer_odds.pdf; 24_lifetime_deer.pdf; 24_youth_deer.pdf,general_season_deer; harvest_or_results; limited_entry_bonus; youth_misc,Deer,Zion,Any Legal Weapon,True,True,False,True,True,HIGH,False,
DB1561,5,5,2024_gs_buck_deer_hr.pdf; 24_bg_report.pdf; 24_deer_odds.pdf; 24_lifetime_deer.pdf; 24_youth_deer.pdf,general_season_deer; harvest_or_results; limited_entry_bonus; youth_misc,Deer,Box Elder,Muzzleloader,True,True,False,True,True,HIGH,False,
DB1563,5,5,2024_gs_buck_deer_hr.pdf; 24_bg_report.pdf; 24_deer_odds.pdf; 24_lifetime_deer.pdf; 24_youth_deer.pdf,general_season_deer; harvest_or_results; limited_entry_bonus; youth_misc,Deer,Manti/San Rafael,Muzzleloader,True,True,False,True,True,HIGH,False,
DB1564,5,5,2024_gs_buck_deer_hr.pdf; 24_bg_report.pdf; 24_deer_odds.pdf; 24_lifetime_deer.pdf; 24_youth_deer.pdf,general_season_deer; harvest_or_results; limited_entry_bonus; youth_misc,Deer,Nebo,Muzzleloader,True,True,False,True,True,HIGH,False,
DB1566,5,5,2024_gs_buck_deer_hr.pdf; 24_bg_report.pdf; 24_deer_odds.pdf; 24_lifetime_deer.pdf; 24_youth_deer.pdf,general_season_deer; harvest_or_results; limited_entry_bonus; youth_misc,Deer,Fillmore,Muzzleloader,True,True,False,True,True,HIGH,False,
DB1568,5,5,2024_gs_buck_deer_hr.pdf; 24_bg_report.pdf; 24_deer_odds.pdf; 24_lifetime_deer.pdf; 24_youth_deer.pdf,general_season_deer; harvest_or_results; limited_entry_bonus; youth_misc,Deer,Kamas,Muzzleloader,True,True,False,True,True,HIGH,False,
DB1569,5,5,2024_gs_buck_deer_hr.pdf; 24_bg_report.pdf; 24_deer_odds.pdf; 24_lifetime_deer.pdf; 24_youth_deer.pdf,general_season_deer; harvest_or_results; limited_entry_bonus; youth_misc,Deer,La Sal Mtns,Muzzleloader,True,True,False,True,True,HIGH,False,
DB1570,5,5,2024_gs_buck_deer_hr.pdf; 24_bg_report.pdf; 24_deer_odds.pdf; 24_lifetime_deer.pdf; 24_youth_deer.pdf,general_season_deer; harvest_or_results; limited_entry_bonus; youth_misc,Deer,Monroe,Muzzleloader,True,True,False,True,True,HIGH,False,
DB1571,5,5,2024_gs_buck_deer_hr.pdf; 24_bg_report.pdf; 24_deer_odds.pdf; 24_lifetime_deer.pdf; 24_youth_deer.pdf,general_season_deer; harvest_or_results; limited_entry_bonus; youth_misc,Deer,Mt Dutton,Muzzleloader,True,True,False,True,True,HIGH,False,
DB1572,5,5,2024_gs_buck_deer_hr.pdf; 24_bg_report.pdf; 24_deer_odds.pdf; 24_lifetime_deer.pdf; 24_youth_deer.pdf,general_season_deer; harvest_or_results; limited_entry_bonus; youth_misc,Deer,Nine Mile,Muzzleloader,True,True,False,True,True,HIGH,False,
DB1573,5,5,2024_gs_buck_deer_hr.pdf; 24_bg_report.pdf; 24_deer_odds.pdf; 24_lifetime_deer.pdf; 24_youth_deer.pdf,general_season_deer; harvest_or_results; limited_entry_bonus; youth_misc,Deer,North Slope,Muzzleloader,True,True,False,True,True,HIGH,False,
DB1574,5,5,2024_gs_buck_deer_hr.pdf; 24_bg_report.pdf; 24_deer_odds.pdf; 24_lifetime_deer.pdf; 24_youth_deer.pdf,general_season_deer; harvest_or_results; limited_entry_bonus; youth_misc,Deer,Ogden,Muzzleloader,True,True,False,True,True,HIGH,False,
DB1576,5,5,2024_gs_buck_deer_hr.pdf; 24_bg_report.pdf; 24_deer_odds.pdf; 24_lifetime_deer.pdf; 24_youth_deer.pdf,general_season_deer; harvest_or_results; limited_entry_bonus; youth_misc,Deer,Panguitch Lake,Muzzleloader,True,True,False,True,True,HIGH,False,
DB1577,5,5,2024_gs_buck_deer_hr.pdf; 24_bg_report.pdf; 24_deer_odds.pdf; 24_lifetime_deer.pdf; 24_youth_deer.pdf,general_season_deer; harvest_or_results; limited_entry_bonus; youth_misc,Deer,Pine Valley,Muzzleloader,True,True,False,True,True,HIGH,False,
DB1579,5,5,2024_gs_buck_deer_hr.pdf; 24_bg_report.pdf; 24_deer_odds.pdf; 24_lifetime_deer.pdf; 24_youth_deer.pdf,general_season_deer; harvest_or_results; limited_entry_bonus; youth_misc,Deer,Fishlake,Muzzleloader,True,True,False,True,True,HIGH,False,
DB1581,5,5,2024_gs_buck_deer_hr.pdf; 24_bg_report.pdf; 24_deer_odds.pdf; 24_lifetime_deer.pdf; 24_youth_deer.pdf,general_season_deer; harvest_or_results; limited_entry_bonus; youth_misc,Deer,"San Juan, Abajo Mtns",Muzzleloader,True,True,False,True,True,HIGH,False,
DB1582,5,5,2024_gs_buck_deer_hr.pdf; 24_bg_report.pdf; 24_deer_odds.pdf; 24_lifetime_deer.pdf; 24_youth_deer.pdf,general_season_deer; harvest_or_results; limited_entry_bonus; youth_misc,Deer,Vernal/Bonanza,Muzzleloader,True,True,False,True,True,HIGH,False,
DB1583,5,5,2024_gs_buck_deer_hr.pdf; 24_bg_report.pdf; 24_deer_odds.pdf; 24_lifetime_deer.pdf; 24_youth_deer.pdf,general_season_deer; harvest_or_results; limited_entry_bonus; youth_misc,Deer,Yellowstone,Muzzleloader,True,True,False,True,True,HIGH,False,
DB1584,5,5,2024_gs_buck_deer_hr.pdf; 24_bg_report.pdf; 24_deer_odds.pdf; 24_lifetime_deer.pdf; 24_youth_deer.pdf,general_season_deer; harvest_or_results; limited_entry_bonus; youth_misc,Deer,Southwest Desert,Muzzleloader,True,True,False,True,True,HIGH,False,
DB1585,5,5,2024_gs_buck_deer_hr.pdf; 24_bg_report.pdf; 24_deer_odds.pdf; 24_lifetime_deer.pdf; 24_youth_deer.pdf,general_season_deer; harvest_or_results; limited_entry_bonus; youth_misc,Deer,"Wasatch Mtns, East",Muzzleloader,True,True,False,True,True,HIGH,False,
DB1586,5,5,2024_gs_buck_deer_hr.pdf; 24_bg_report.pdf; 24_deer_odds.pdf; 24_lifetime_deer.pdf; 24_youth_deer.pdf,general_season_deer; harvest_or_results; limited_entry_bonus; youth_misc,Deer,"Wasatch Mtns, West",Muzzleloader,True,True,False,True,True,HIGH,False,
DB1589,5,5,2024_gs_buck_deer_hr.pdf; 24_bg_report.pdf; 24_deer_odds.pdf; 24_lifetime_deer.pdf; 24_youth_deer.pdf,general_season_deer; harvest_or_results; limited_entry_bonus; youth_misc,Deer,Zion,Muzzleloader,True,True,False,True,True,HIGH,False,
DB1591,5,5,2024_gs_buck_deer_hr.pdf; 24_bg_report.pdf; 24_deer_odds.pdf; 24_lifetime_deer.pdf; 24_youth_deer.pdf,general_season_deer; harvest_or_results; limited_entry_bonus; youth_misc,Deer,Fillmore,Early Any Legal Weapon,True,True,False,True,True,HIGH,False,
DB1592,5,5,2024_gs_buck_deer_hr.pdf; 24_bg_report.pdf; 24_deer_odds.pdf; 24_lifetime_deer.pdf; 24_youth_deer.pdf,general_season_deer; harvest_or_results; limited_entry_bonus; youth_misc,Deer,Kamas,Early Any Legal Weapon,True,True,False,True,True,HIGH,False,
DB1593,5,5,2024_gs_buck_deer_hr.pdf; 24_bg_report.pdf; 24_deer_odds.pdf; 24_lifetime_deer.pdf; 24_youth_deer.pdf,general_season_deer; harvest_or_results; limited_entry_bonus; youth_misc,Deer,Nine Mile,Early Any Legal Weapon,True,True,False,True,True,HIGH,False,
DB1594,5,5,2024_gs_buck_deer_hr.pdf; 24_bg_report.pdf; 24_deer_odds.pdf; 24_lifetime_deer.pdf; 24_youth_deer.pdf,general_season_deer; harvest_or_results; limited_entry_bonus; youth_misc,Deer,Panguitch Lake,Early Any Legal Weapon,True,True,False,True,True,HIGH,False,
DB1595,5,5,2024_gs_buck_deer_hr.pdf; 24_bg_report.pdf; 24_deer_odds.pdf; 24_lifetime_deer.pdf; 24_youth_deer.pdf,general_season_deer; harvest_or_results; limited_entry_bonus; youth_misc,Deer,Pine Valley,Early Any Legal Weapon,True,True,False,True,True,HIGH,False,
DB1596,5,5,2024_gs_buck_deer_hr.pdf; 24_bg_report.pdf; 24_deer_odds.pdf; 24_lifetime_deer.pdf; 24_youth_deer.pdf,general_season_deer; harvest_or_results; limited_entry_bonus; youth_misc,Deer,Fishlake,Early Any Legal Weapon,True,True,False,True,True,HIGH,False,
DB1597,5,5,2024_gs_buck_deer_hr.pdf; 24_bg_report.pdf; 24_deer_odds.pdf; 24_lifetime_deer.pdf; 24_youth_deer.pdf,general_season_deer; harvest_or_results; limited_entry_bonus; youth_misc,Deer,Zion,Early Any Legal Weapon,True,True,False,True,True,HIGH,False,
DB1598,5,5,2024_gs_buck_deer_hr.pdf; 24_bg_report.pdf; 24_deer_odds.pdf; 24_lifetime_deer.pdf; 24_youth_deer.pdf,general_season_deer; harvest_or_results; limited_entry_bonus; youth_misc,Deer,North Slope,Early Any Legal Weapon,True,True,False,True,True,HIGH,False,
DB1599,5,5,2024_gs_buck_deer_hr.pdf; 24_bg_report.pdf; 24_deer_odds.pdf; 24_lifetime_deer.pdf; 24_youth_deer.pdf,general_season_deer; harvest_or_results; limited_entry_bonus; youth_misc,Deer,Chalk Creek,Any Legal Weapon,True,True,False,True,True,HIGH,False,
DB1600,5,5,2024_gs_buck_deer_hr.pdf; 24_bg_report.pdf; 24_deer_odds.pdf; 24_lifetime_deer.pdf; 24_youth_deer.pdf,general_season_deer; harvest_or_results; limited_entry_bonus; youth_misc,Deer,Chalk Creek,Archery,True,True,False,True,True,HIGH,False,
DB1601,5,5,2024_gs_buck_deer_hr.pdf; 24_bg_report.pdf; 24_deer_odds.pdf; 24_lifetime_deer.pdf; 24_youth_deer.pdf,general_season_deer; harvest_or_results; limited_entry_bonus; youth_misc,Deer,Chalk Creek,Early Any Legal Weapon,True,True,False,True,True,HIGH,False,
DB1602,5,5,2024_gs_buck_deer_hr.pdf; 24_bg_report.pdf; 24_deer_odds.pdf; 24_lifetime_deer.pdf; 24_youth_deer.pdf,general_season_deer; harvest_or_results; limited_entry_bonus; youth_misc,Deer,Chalk Creek,Muzzleloader,True,True,False,True,True,HIGH,False,
DB1603,5,5,2024_gs_buck_deer_hr.pdf; 24_bg_report.pdf; 24_deer_odds.pdf; 24_lifetime_deer.pdf; 24_youth_deer.pdf,general_season_deer; harvest_or_results; limited_entry_bonus; youth_misc,Deer,East Canyon,Any Legal Weapon,True,True,False,True,True,HIGH,False,
DB1604,5,5,2024_gs_buck_deer_hr.pdf; 24_bg_report.pdf; 24_deer_odds.pdf; 24_lifetime_deer.pdf; 24_youth_deer.pdf,general_season_deer; harvest_or_results; limited_entry_bonus; youth_misc,Deer,East Canyon,Archery,True,True,False,True,True,HIGH,False,
DB1605,5,5,2024_gs_buck_deer_hr.pdf; 24_bg_report.pdf; 24_deer_odds.pdf; 24_lifetime_deer.pdf; 24_youth_deer.pdf,general_season_deer; harvest_or_results; limited_entry_bonus; youth_misc,Deer,East Canyon,Early Any Legal Weapon,True,True,False,True,True,HIGH,False,
DB1606,5,5,2024_gs_buck_deer_hr.pdf; 24_bg_report.pdf; 24_deer_odds.pdf; 24_lifetime_deer.pdf; 24_youth_deer.pdf,general_season_deer; harvest_or_results; limited_entry_bonus; youth_misc,Deer,East Canyon,Muzzleloader,True,True,False,True,True,HIGH,False,
DB1607,5,5,2024_gs_buck_deer_hr.pdf; 24_bg_report.pdf; 24_deer_odds.pdf; 24_lifetime_deer.pdf; 24_youth_deer.pdf,general_season_deer; harvest_or_results; limited_entry_bonus; youth_misc,Deer,Morgan-South Rich,Any Legal Weapon,True,True,False,True,True,HIGH,False,
DB1608,5,5,2024_gs_buck_deer_hr.pdf; 24_bg_report.pdf; 24_deer_odds.pdf; 24_lifetime_deer.pdf; 24_youth_deer.pdf,general_season_deer; harvest_or_results; limited_entry_bonus; youth_misc,Deer,Morgan-South Rich,Archery,True,True,False,True,True,HIGH,False,
DB1609,5,5,2024_gs_buck_deer_hr.pdf; 24_bg_report.pdf; 24_deer_odds.pdf; 24_lifetime_deer.pdf; 24_youth_deer.pdf,general_season_deer; harvest_or_results; limited_entry_bonus; youth_misc,Deer,Morgan-South Rich,Early Any Legal Weapon,True,True,False,True,True,HIGH,False,
DB1610,4,4,2024_gs_buck_deer_hr.pdf; 24_bg_report.pdf; 24_deer_odds.pdf; 24_lifetime_deer.pdf,general_season_deer; harvest_or_results; limited_entry_bonus,Deer,Morgan-South Rich,Muzzleloader,True,True,False,True,True,HIGH,False,
DB1770,3,3,2024_gs_buck_deer_hr.pdf; 24_bg_report.pdf; 24_dh_odds.pdf,harvest_or_results; limited_entry_bonus,Deer,Box Elder,Dedicated Hunter,True,True,False,True,True,HIGH,False,
DB1771,4,4,2024_gs_buck_deer_hr.pdf; 24_bg_report.pdf; 24_dh_odds.pdf; 24_youth_dh_odds.pdf,harvest_or_results; limited_entry_bonus,Deer,Cache,Dedicated Hunter,True,True,False,True,True,HIGH,False,
DB1772,4,4,2024_gs_buck_deer_hr.pdf; 24_bg_report.pdf; 24_dh_odds.pdf; 24_youth_dh_odds.pdf,harvest_or_results; limited_entry_bonus,Deer,Manti/San Rafael,Dedicated Hunter,True,True,False,True,True,HIGH,False,
DB1773,4,4,2024_gs_buck_deer_hr.pdf; 24_bg_report.pdf; 24_dh_odds.pdf; 24_youth_dh_odds.pdf,harvest_or_results; limited_entry_bonus,Deer,Nebo,Dedicated Hunter,True,True,False,True,True,HIGH,False,
DB1775,4,4,2024_gs_buck_deer_hr.pdf; 24_bg_report.pdf; 24_dh_odds.pdf; 24_youth_dh_odds.pdf,harvest_or_results; limited_entry_bonus,Deer,Fillmore,Dedicated Hunter,True,True,False,True,True,HIGH,False,
DB1777,4,4,2024_gs_buck_deer_hr.pdf; 24_bg_report.pdf; 24_dh_odds.pdf; 24_youth_dh_odds.pdf,harvest_or_results; limited_entry_bonus,Deer,Kamas,Dedicated Hunter,True,True,False,True,True,HIGH,False,
DB1778,4,4,2024_gs_buck_deer_hr.pdf; 24_bg_report.pdf; 24_dh_odds.pdf; 24_youth_dh_odds.pdf,harvest_or_results; limited_entry_bonus,Deer,La Sal Mtns,Dedicated Hunter,True,True,False,True,True,HIGH,False,
DB1779,4,4,2024_gs_buck_deer_hr.pdf; 24_bg_report.pdf; 24_dh_odds.pdf; 24_youth_dh_odds.pdf,harvest_or_results; limited_entry_bonus,Deer,Monroe,Dedicated Hunter,True,True,False,True,True,HIGH,False,
DB1780,4,4,2024_gs_buck_deer_hr.pdf; 24_bg_report.pdf; 24_dh_odds.pdf; 24_youth_dh_odds.pdf,harvest_or_results; limited_entry_bonus,Deer,Mt Dutton,Dedicated Hunter,True,True,False,True,True,HIGH,False,
DB1781,4,4,2024_gs_buck_deer_hr.pdf; 24_bg_report.pdf; 24_dh_odds.pdf; 24_youth_dh_odds.pdf,harvest_or_results; limited_entry_bonus,Deer,Nine Mile,Dedicated Hunter,True,True,False,True,True,HIGH,False,
DB1782,3,3,2024_gs_buck_deer_hr.pdf; 24_bg_report.pdf; 24_dh_odds.pdf,harvest_or_results; limited_entry_bonus,Deer,North Slope,Dedicated Hunter,True,True,False,True,True,HIGH,False,
DB1783,3,3,2024_gs_buck_deer_hr.pdf; 24_bg_report.pdf; 24_dh_odds.pdf,harvest_or_results; limited_entry_bonus,Deer,Ogden,Dedicated Hunter,True,True,False,True,True,HIGH,False,
DB1785,4,4,2024_gs_buck_deer_hr.pdf; 24_bg_report.pdf; 24_dh_odds.pdf; 24_youth_dh_odds.pdf,harvest_or_results; limited_entry_bonus,Deer,Panguitch Lake,Dedicated Hunter,True,True,False,True,True,HIGH,False,
DB1786,4,4,2024_gs_buck_deer_hr.pdf; 24_bg_report.pdf; 24_dh_odds.pdf; 24_youth_dh_odds.pdf,harvest_or_results; limited_entry_bonus,Deer,Pine Valley,Dedicated Hunter,True,True,False,True,True,HIGH,False,
DB1787,4,4,2024_gs_buck_deer_hr.pdf; 24_bg_report.pdf; 24_dh_odds.pdf; 24_youth_dh_odds.pdf,harvest_or_results; limited_entry_bonus,Deer,Boulder/Kaiparowits,Dedicated Hunter,True,True,False,True,True,HIGH,False,
DB1788,4,4,2024_gs_buck_deer_hr.pdf; 24_bg_report.pdf; 24_dh_odds.pdf; 24_youth_dh_odds.pdf,harvest_or_results; limited_entry_bonus,Deer,Fishlake,Dedicated Hunter,True,True,False,True,True,HIGH,False,
DB1790,4,4,2024_gs_buck_deer_hr.pdf; 24_bg_report.pdf; 24_dh_odds.pdf; 24_youth_dh_odds.pdf,harvest_or_results; limited_entry_bonus,Deer,"San Juan, Abajo Mtns",Dedicated Hunter,True,True,False,True,True,HIGH,False,
DB1791,4,4,2024_gs_buck_deer_hr.pdf; 24_bg_report.pdf; 24_dh_odds.pdf; 24_youth_dh_odds.pdf,harvest_or_results; limited_entry_bonus,Deer,Vernal/Bonanza,Dedicated Hunter,True,True,False,True,True,HIGH,False,
DB1792,4,4,2024_gs_buck_deer_hr.pdf; 24_bg_report.pdf; 24_dh_odds.pdf; 24_youth_dh_odds.pdf,harvest_or_results; limited_entry_bonus,Deer,Yellowstone,Dedicated Hunter,True,True,False,True,True,HIGH,False,
DB1793,4,4,2024_gs_buck_deer_hr.pdf; 24_bg_report.pdf; 24_dh_odds.pdf; 24_youth_dh_odds.pdf,harvest_or_results; limited_entry_bonus,Deer,Southwest Desert,Dedicated Hunter,True,True,False,True,True,HIGH,False,
DB1794,4,4,2024_gs_buck_deer_hr.pdf; 24_bg_report.pdf; 24_dh_odds.pdf; 24_youth_dh_odds.pdf,harvest_or_results; limited_entry_bonus,Deer,"Wasatch Mtns, East",Dedicated Hunter,True,True,False,True,True,HIGH,False,
DB1795,4,4,2024_gs_buck_deer_hr.pdf; 24_bg_report.pdf; 24_dh_odds.pdf; 24_youth_dh_odds.pdf,harvest_or_results; limited_entry_bonus,Deer,"Wasatch Mtns, West",Dedicated Hunter,True,True,False,True,True,HIGH,False,
DB1798,4,4,2024_gs_buck_deer_hr.pdf; 24_bg_report.pdf; 24_dh_odds.pdf; 24_youth_dh_odds.pdf,harvest_or_results; limited_entry_bonus,Deer,Zion,Dedicated Hunter,True,True,False,True,True,HIGH,False,
DB1799,3,3,2024_gs_buck_deer_hr.pdf; 24_bg_report.pdf; 24_dh_odds.pdf,harvest_or_results; limited_entry_bonus,Deer,Chalk Creek,Dedicated Hunter,True,True,False,True,True,HIGH,False,
DB1800,4,4,2024_gs_buck_deer_hr.pdf; 24_bg_report.pdf; 24_dh_odds.pdf; 24_youth_dh_odds.pdf,harvest_or_results; limited_entry_bonus,Deer,East Canyon,Dedicated Hunter,True,True,False,True,True,HIGH,False,
DB1801,4,4,2024_gs_buck_deer_hr.pdf; 24_bg_report.pdf; 24_dh_odds.pdf; 24_youth_dh_odds.pdf,harvest_or_results; limited_entry_bonus,Deer,Morgan-South Rich,Dedicated Hunter,True,True,False,True,True,HIGH,False,
DS6600,3,3,2024_le_oial_all.pdf; 24_bg-odds.pdf; 24_bg_report.pdf,harvest_or_results; limited_entry_bonus,Desert Bighorn Sheep,Henry Mtns,Any Legal Weapon,True,True,False,True,True,HIGH,False,
DS6601,3,3,2024_le_oial_all.pdf; 24_bg-odds.pdf; 24_bg_report.pdf,harvest_or_results; limited_entry_bonus,Desert Bighorn Sheep,"Kaiparowits, East",Any Legal Weapon,True,True,False,True,True,HIGH,False,
DS6603,3,3,2024_le_oial_all.pdf; 24_bg-odds.pdf; 24_bg_report.pdf,harvest_or_results; limited_entry_bonus,Desert Bighorn Sheep,"Kaiparowits, West",Any Legal Weapon,True,True,False,True,True,HIGH,False,
DS6604,3,3,2024_le_oial_all.pdf; 24_bg-odds.pdf; 24_bg_report.pdf,harvest_or_results; limited_entry_bonus,Desert Bighorn Sheep,"La Sal, Potash/South Cisco",Any Legal Weapon,True,True,False,True,True,HIGH,False,
DS6606,3,3,2024_le_oial_all.pdf; 24_bg-odds.pdf; 24_bg_report.pdf,harvest_or_results; limited_entry_bonus,Desert Bighorn Sheep,"San Juan, Lockhart",Any Legal Weapon,True,True,False,True,True,HIGH,False,
DS6607,3,3,2024_le_oial_all.pdf; 24_bg-odds.pdf; 24_bg_report.pdf,harvest_or_results; limited_entry_bonus,Desert Bighorn Sheep,"San Juan, South",Any Legal Weapon,True,True,False,True,True,HIGH,False,
DS6608,3,3,2024_le_oial_all.pdf; 24_bg-odds.pdf; 24_bg_report.pdf,harvest_or_results; limited_entry_bonus,Desert Bighorn Sheep,"San Rafael, Dirty Devil",Any Legal Weapon,True,True,False,True,True,HIGH,False,
DS6609,3,3,2024_le_oial_all.pdf; 24_bg-odds.pdf; 24_bg_report.pdf,harvest_or_results; limited_entry_bonus,Desert Bighorn Sheep,"San Rafael, North",Any Legal Weapon,True,True,False,True,True,HIGH,False,
DS6610,3,3,2024_le_oial_all.pdf; 24_bg-odds.pdf; 24_bg_report.pdf,harvest_or_results; limited_entry_bonus,Desert Bighorn Sheep,"San Rafael, South",Any Legal Weapon,True,True,False,True,True,HIGH,False,
DS6611,3,3,2024_le_oial_all.pdf; 24_bg-odds.pdf; 24_bg_report.pdf,harvest_or_results; limited_entry_bonus,Desert Bighorn Sheep,Zion,Any Legal Weapon,True,True,False,True,True,HIGH,False,
DS6620,3,3,2024_le_oial_all.pdf; 24_bg-odds.pdf; 24_bg_report.pdf,harvest_or_results; limited_entry_bonus,Desert Bighorn Sheep,"Pine Valley, Virgin River",Any Legal Weapon,True,True,False,True,True,HIGH,False,
DS6621,3,3,2024_le_oial_all.pdf; 24_bg-odds.pdf; 24_bg_report.pdf,harvest_or_results; limited_entry_bonus,Desert Bighorn Sheep,"Pine Valley, Beaver Dam",Any Legal Weapon,True,True,False,True,True,HIGH,False,
DS6622,3,3,2024_le_oial_all.pdf; 24_bg-odds.pdf; 24_bg_report.pdf,harvest_or_results; limited_entry_bonus,Desert Bighorn Sheep,"San Juan, North",Any Legal Weapon,True,True,False,True,True,HIGH,False,
DS6623,2,2,2024_le_oial_all.pdf; 24_bg-odds.pdf,harvest_or_results; limited_entry_bonus,Desert Bighorn Sheep,"San Juan, San Juan River",Any Legal Weapon,True,True,False,True,True,HIGH,False,
DS6624,3,3,2024_le_oial_all.pdf; 24_bg-odds.pdf; 24_bg_report.pdf,harvest_or_results; limited_entry_bonus,Desert Bighorn Sheep,"San Rafael, Dirty Devil",Archery,True,True,False,True,True,HIGH,False,
DS6625,3,3,2024_le_oial_all.pdf; 24_bg-odds.pdf; 24_bg_report.pdf,harvest_or_results; limited_entry_bonus,Desert Bighorn Sheep,Mineral Mtns,Any Legal Weapon,True,True,False,True,True,HIGH,False,
EB3000,3,3,2024_le_oial_all.pdf; 24_bg-odds.pdf; 24_bg_report.pdf,harvest_or_results; limited_entry_bonus,Elk,"Beaver, East",Archery,True,True,False,True,True,HIGH,False,
EB3002,3,3,2024_le_oial_all.pdf; 24_bg-odds.pdf; 24_bg_report.pdf,harvest_or_results; limited_entry_bonus,Elk,"Book Cliffs, Little Creek Roadless",Archery,True,True,False,True,True,HIGH,False,
EB3003,3,3,2024_le_oial_all.pdf; 24_bg-odds.pdf; 24_bg_report.pdf,harvest_or_results; limited_entry_bonus,Elk,"Cache, Meadowville",Archery,True,True,False,True,True,HIGH,False,
EB3005,3,3,2024_le_oial_all.pdf; 24_bg-odds.pdf; 24_bg_report.pdf,harvest_or_results; limited_entry_bonus,Elk,"Cache, South",Archery,True,True,False,True,True,HIGH,False,
EB3006,3,3,2024_le_oial_all.pdf; 24_bg-odds.pdf; 24_bg_report.pdf,harvest_or_results; limited_entry_bonus,Elk,Manti,Archery,True,True,False,True,True,HIGH,False,
EB3008,3,3,2024_le_oial_all.pdf; 24_bg-odds.pdf; 24_bg_report.pdf,harvest_or_results; limited_entry_bonus,Elk,"Fillmore, Pahvant",Archery,True,True,False,True,True,HIGH,False,
EB3009,3,3,2024_le_oial_all.pdf; 24_bg-odds.pdf; 24_bg_report.pdf,harvest_or_results; limited_entry_bonus,Elk,La Sal Mtns,Archery,True,True,False,True,True,HIGH,False,
EB3010,3,3,2024_le_oial_all.pdf; 24_bg-odds.pdf; 24_bg_report.pdf,harvest_or_results; limited_entry_bonus,Elk,Monroe,Archery,True,True,False,True,True,HIGH,False,
EB3011,3,3,2024_le_oial_all.pdf; 24_bg-odds.pdf; 24_bg_report.pdf,harvest_or_results; limited_entry_bonus,Elk,Mt Dutton,Archery,True,True,False,True,True,HIGH,False,
EB3013,3,3,2024_le_oial_all.pdf; 24_bg-odds.pdf; 24_bg_report.pdf,harvest_or_results; limited_entry_bonus,Elk,"North Slope, Three Corners",Archery,True,True,False,True,True,HIGH,False,
EB3015,3,3,2024_le_oial_all.pdf; 24_bg-odds.pdf; 24_bg_report.pdf,harvest_or_results; limited_entry_bonus,Elk,Panguitch Lake,Archery,True,True,False,True,True,HIGH,False,
EB3018,3,3,2024_le_oial_all.pdf; 24_bg-odds.pdf; 24_bg_report.pdf,harvest_or_results; limited_entry_bonus,Elk,Fishlake/Thousand Lakes,Archery,True,True,False,True,True,HIGH,False,
EB3019,3,3,2024_le_oial_all.pdf; 24_bg-odds.pdf; 24_bg_report.pdf,harvest_or_results; limited_entry_bonus,Elk,San Juan Bull Elk,Archery,True,True,False,True,True,HIGH,False,
EB3020,3,3,2024_le_oial_all.pdf; 24_bg-odds.pdf; 24_bg_report.pdf,harvest_or_results; limited_entry_bonus,Elk,Diamond Mtn,Archery,True,True,False,True,True,HIGH,False,
EB3022,3,3,2024_le_oial_all.pdf; 24_bg-odds.pdf; 24_bg_report.pdf,harvest_or_results; limited_entry_bonus,Elk,Wasatch Mtns,Archery,True,True,False,True,True,HIGH,False,
EB3024,3,3,2024_le_oial_all.pdf; 24_bg-odds.pdf; 24_bg_report.pdf,harvest_or_results; limited_entry_bonus,Elk,"Beaver, East",Early Any Legal Weapon,True,True,False,True,True,HIGH,False,
EB3025,3,3,2024_le_oial_all.pdf; 24_bg-odds.pdf; 24_bg_report.pdf,harvest_or_results; limited_entry_bonus,Elk,"Beaver, East",Late Any Legal Weapon,True,True,False,True,True,HIGH,False,
EB3028,3,3,2024_le_oial_all.pdf; 24_bg-odds.pdf; 24_bg_report.pdf,harvest_or_results; limited_entry_bonus,Elk,"Book Cliffs, Little Creek Roadless",Early Any Legal Weapon,True,True,False,True,True,HIGH,False,
EB3031,3,3,2024_le_oial_all.pdf; 24_bg-odds.pdf; 24_bg_report.pdf,harvest_or_results; limited_entry_bonus,Elk,"Box Elder, Pilot Mtn",Early Any Legal Weapon,True,True,False,True,True,HIGH,False,
EB3032,3,3,2024_le_oial_all.pdf; 24_bg-odds.pdf; 24_bg_report.pdf,harvest_or_results; limited_entry_bonus,Elk,"Cache, Meadowville",Early Any Legal Weapon,True,True,False,True,True,HIGH,False,
EB3033,3,3,2024_le_oial_all.pdf; 24_bg-odds.pdf; 24_bg_report.pdf,harvest_or_results; limited_entry_bonus,Elk,"Cache, Meadowville",Late Any Legal Weapon,True,True,False,True,True,HIGH,False,
EB3036,3,3,2024_le_oial_all.pdf; 24_bg-odds.pdf; 24_bg_report.pdf,harvest_or_results; limited_entry_bonus,Elk,"Cache, South",Early Any Legal Weapon,True,True,False,True,True,HIGH,False,
EB3037,3,3,2024_le_oial_all.pdf; 24_bg-odds.pdf; 24_bg_report.pdf,harvest_or_results; limited_entry_bonus,Elk,"Cache, South",Late Any Legal Weapon,True,True,False,True,True,HIGH,False,
EB3038,3,3,2024_le_oial_all.pdf; 24_bg-odds.pdf; 24_bg_report.pdf,harvest_or_results; limited_entry_bonus,Elk,Manti,Early Any Legal Weapon,True,True,False,True,True,HIGH,False,
EB3039,3,3,2024_le_oial_all.pdf; 24_bg-odds.pdf; 24_bg_report.pdf,harvest_or_results; limited_entry_bonus,Elk,Manti,Late Any Legal Weapon,True,True,False,True,True,HIGH,False,
EB3042,3,3,2024_le_oial_all.pdf; 24_bg-odds.pdf; 24_bg_report.pdf,harvest_or_results; limited_entry_bonus,Elk,"Fillmore, Pahvant",Early Any Legal Weapon,True,True,False,True,True,HIGH,False,
EB3043,3,3,2024_le_oial_all.pdf; 24_bg-odds.pdf; 24_bg_report.pdf,harvest_or_results; limited_entry_bonus,Elk,"Fillmore, Pahvant",Late Any Legal Weapon,True,True,False,True,True,HIGH,False,
EB3044,3,3,2024_le_oial_all.pdf; 24_bg-odds.pdf; 24_bg_report.pdf,harvest_or_results; limited_entry_bonus,Elk,Dolores Triangle,Late Any Legal Weapon,True,True,False,True,True,HIGH,False,
EB3045,3,3,2024_le_oial_all.pdf; 24_bg-odds.pdf; 24_bg_report.pdf,harvest_or_results; limited_entry_bonus,Elk,La Sal Mtns,Early Any Legal Weapon,True,True,False,True,True,HIGH,False,
EB3046,3,3,2024_le_oial_all.pdf; 24_bg-odds.pdf; 24_bg_report.pdf,harvest_or_results; limited_entry_bonus,Elk,La Sal Mtns,Late Any Legal Weapon,True,True,False,True,True,HIGH,False,
EB3047,3,3,2024_le_oial_all.pdf; 24_bg-odds.pdf; 24_bg_report.pdf,harvest_or_results; limited_entry_bonus,Elk,Monroe,Early Any Legal Weapon,True,True,False,True,True,HIGH,False,
EB3048,3,3,2024_le_oial_all.pdf; 24_bg-odds.pdf; 24_bg_report.pdf,harvest_or_results; limited_entry_bonus,Elk,Monroe,Late Any Legal Weapon,True,True,False,True,True,HIGH,False,
EB3049,3,3,2024_le_oial_all.pdf; 24_bg-odds.pdf; 24_bg_report.pdf,harvest_or_results; limited_entry_bonus,Elk,Mt Dutton,Early Any Legal Weapon,True,True,False,True,True,HIGH,False,
EB3050,3,3,2024_le_oial_all.pdf; 24_bg-odds.pdf; 24_bg_report.pdf,harvest_or_results; limited_entry_bonus,Elk,Mt Dutton,Late Any Legal Weapon,True,True,False,True,True,HIGH,False,
EB3053,3,3,2024_le_oial_all.pdf; 24_bg-odds.pdf; 24_bg_report.pdf,harvest_or_results; limited_entry_bonus,Elk,"North Slope, Three Corners",Mid Any Legal Weapon,True,True,False,True,True,HIGH,False,
EB3056,3,3,2024_le_oial_all.pdf; 24_bg-odds.pdf; 24_bg_report.pdf,harvest_or_results; limited_entry_bonus,Elk,Panguitch Lake,Early Any Legal Weapon,True,True,False,True,True,HIGH,False,
EB3057,3,3,2024_le_oial_all.pdf; 24_bg-odds.pdf; 24_bg_report.pdf,harvest_or_results; limited_entry_bonus,Elk,Panguitch Lake,Late Any Legal Weapon,True,True,False,True,True,HIGH,False,
EB3063,3,3,2024_le_oial_all.pdf; 24_bg-odds.pdf; 24_bg_report.pdf,harvest_or_results; limited_entry_bonus,Elk,Fishlake/Thousand Lakes,Early Any Legal Weapon,True,True,False,True,True,HIGH,False,
EB3064,3,3,2024_le_oial_all.pdf; 24_bg-odds.pdf; 24_bg_report.pdf,harvest_or_results; limited_entry_bonus,Elk,Fishlake/Thousand Lakes,Mid Any Legal Weapon,True,True,False,True,True,HIGH,False,
EB3065,3,3,2024_le_oial_all.pdf; 24_bg-odds.pdf; 24_bg_report.pdf,harvest_or_results; limited_entry_bonus,Elk,Fishlake/Thousand Lakes,Late Any Legal Weapon,True,True,False,True,True,HIGH,False,
EB3066,3,3,2024_le_oial_all.pdf; 24_bg-odds.pdf; 24_bg_report.pdf,harvest_or_results; limited_entry_bonus,Elk,San Juan Bull Elk,Early Any Legal Weapon,True,True,False,True,True,HIGH,False,
EB3067,3,3,2024_le_oial_all.pdf; 24_bg-odds.pdf; 24_bg_report.pdf,harvest_or_results; limited_entry_bonus,Elk,San Juan Bull Elk,Late Any Legal Weapon,True,True,False,True,True,HIGH,False,
EB3068,3,3,2024_le_oial_all.pdf; 24_bg-odds.pdf; 24_bg_report.pdf,harvest_or_results; limited_entry_bonus,Elk,Diamond Mtn,Early Any Legal Weapon,True,True,False,True,True,HIGH,False,
EB3069,3,3,2024_le_oial_all.pdf; 24_bg-odds.pdf; 24_bg_report.pdf,harvest_or_results; limited_entry_bonus,Elk,Diamond Mtn,Mid Any Legal Weapon,True,True,False,True,True,HIGH,False,
EB3072,3,3,2024_le_oial_all.pdf; 24_bg-odds.pdf; 24_bg_report.pdf,harvest_or_results; limited_entry_bonus,Elk,Wasatch Mtns,Early Any Legal Weapon,True,True,False,True,True,HIGH,False,
EB3073,3,3,2024_le_oial_all.pdf; 24_bg-odds.pdf; 24_bg_report.pdf,harvest_or_results; limited_entry_bonus,Elk,Wasatch Mtns,Late Any Legal Weapon,True,True,False,True,True,HIGH,False,
EB3077,3,3,2024_le_oial_all.pdf; 24_bg-odds.pdf; 24_bg_report.pdf,harvest_or_results; limited_entry_bonus,Elk,"Beaver, East",Muzzleloader,True,True,False,True,True,HIGH,False,
EB3079,3,3,2024_le_oial_all.pdf; 24_bg-odds.pdf; 24_bg_report.pdf,harvest_or_results; limited_entry_bonus,Elk,"Book Cliffs, Little Creek Roadless",Muzzleloader,True,True,False,True,True,HIGH,False,
EB3081,3,3,2024_le_oial_all.pdf; 24_bg-odds.pdf; 24_bg_report.pdf,harvest_or_results; limited_entry_bonus,Elk,"Cache, Meadowville",Muzzleloader,True,True,False,True,True,HIGH,False,
EB3083,3,3,2024_le_oial_all.pdf; 24_bg-odds.pdf; 24_bg_report.pdf,harvest_or_results; limited_entry_bonus,Elk,"Cache, South",Muzzleloader,True,True,False,True,True,HIGH,False,
EB3084,3,3,2024_le_oial_all.pdf; 24_bg-odds.pdf; 24_bg_report.pdf,harvest_or_results; limited_entry_bonus,Elk,Manti,Muzzleloader,True,True,False,True,True,HIGH,False,
EB3086,3,3,2024_le_oial_all.pdf; 24_bg-odds.pdf; 24_bg_report.pdf,harvest_or_results; limited_entry_bonus,Elk,"Fillmore, Pahvant",Muzzleloader,True,True,False,True,True,HIGH,False,
EB3087,3,3,2024_le_oial_all.pdf; 24_bg-odds.pdf; 24_bg_report.pdf,harvest_or_results; limited_entry_bonus,Elk,La Sal Mtns,Muzzleloader,True,True,False,True,True,HIGH,False,
EB3088,3,3,2024_le_oial_all.pdf; 24_bg-odds.pdf; 24_bg_report.pdf,harvest_or_results; limited_entry_bonus,Elk,Monroe,Muzzleloader,True,True,False,True,True,HIGH,False,
EB3089,3,3,2024_le_oial_all.pdf; 24_bg-odds.pdf; 24_bg_report.pdf,harvest_or_results; limited_entry_bonus,Elk,Mt Dutton,Muzzleloader,True,True,False,True,True,HIGH,False,
EB3091,3,3,2024_le_oial_all.pdf; 24_bg-odds.pdf; 24_bg_report.pdf,harvest_or_results; limited_entry_bonus,Elk,"North Slope, Three Corners",Muzzleloader,True,True,False,True,True,HIGH,False,
EB3093,3,3,2024_le_oial_all.pdf; 24_bg-odds.pdf; 24_bg_report.pdf,harvest_or_results; limited_entry_bonus,Elk,Panguitch Lake,Muzzleloader,True,True,False,True,True,HIGH,False,
EB3096,3,3,2024_le_oial_all.pdf; 24_bg-odds.pdf; 24_bg_report.pdf,harvest_or_results; limited_entry_bonus,Elk,Fishlake/Thousand Lakes,Muzzleloader,True,True,False,True,True,HIGH,False,
EB3097,3,3,2024_le_oial_all.pdf; 24_bg-odds.pdf; 24_bg_report.pdf,harvest_or_results; limited_entry_bonus,Elk,San Juan Bull Elk,Muzzleloader,True,True,False,True,True,HIGH,False,
EB3098,3,3,2024_le_oial_all.pdf; 24_bg-odds.pdf; 24_bg_report.pdf,harvest_or_results; limited_entry_bonus,Elk,Diamond Mtn,Muzzleloader,True,True,False,True,True,HIGH,False,
EB3100,3,3,2024_le_oial_all.pdf; 24_bg-odds.pdf; 24_bg_report.pdf,harvest_or_results; limited_entry_bonus,Elk,Wasatch Mtns,Muzzleloader,True,True,False,True,True,HIGH,False,
EB3102,3,3,2024_le_oial_all.pdf; 24_bg-odds.pdf; 24_bg_report.pdf,harvest_or_results; limited_entry_bonus,Elk,"Beaver, East",Multiseason,True,True,False,True,True,HIGH,False,
EB3104,3,3,2024_le_oial_all.pdf; 24_bg-odds.pdf; 24_bg_report.pdf,harvest_or_results; limited_entry_bonus,Elk,"Book Cliffs, Little Creek Roadless",Multiseason,True,True,False,True,True,HIGH,False,
EB3105,3,3,2024_le_oial_all.pdf; 24_bg-odds.pdf; 24_bg_report.pdf,harvest_or_results; limited_entry_bonus,Elk,"Cache, Meadowville",Multiseason,True,True,False,True,True,HIGH,False,
EB3107,3,3,2024_le_oial_all.pdf; 24_bg-odds.pdf; 24_bg_report.pdf,harvest_or_results; limited_entry_bonus,Elk,"Cache, South",Multiseason,True,True,False,True,True,HIGH,False,
EB3108,3,3,2024_le_oial_all.pdf; 24_bg-odds.pdf; 24_bg_report.pdf,harvest_or_results; limited_entry_bonus,Elk,Manti,Multiseason,True,True,False,True,True,HIGH,False,
EB3110,3,3,2024_le_oial_all.pdf; 24_bg-odds.pdf; 24_bg_report.pdf,harvest_or_results; limited_entry_bonus,Elk,"Fillmore, Pahvant",Multiseason,True,True,False,True,True,HIGH,False,
EB3111,3,3,2024_le_oial_all.pdf; 24_bg-odds.pdf; 24_bg_report.pdf,harvest_or_results; limited_entry_bonus,Elk,La Sal Mtns,Multiseason,True,True,False,True,True,HIGH,False,
EB3112,3,3,2024_le_oial_all.pdf; 24_bg-odds.pdf; 24_bg_report.pdf,harvest_or_results; limited_entry_bonus,Elk,Monroe,Multiseason,True,True,False,True,True,HIGH,False,
EB3113,3,3,2024_le_oial_all.pdf; 24_bg-odds.pdf; 24_bg_report.pdf,harvest_or_results; limited_entry_bonus,Elk,Mt Dutton,Multiseason,True,True,False,True,True,HIGH,False,
EB3115,3,3,2024_le_oial_all.pdf; 24_bg-odds.pdf; 24_bg_report.pdf,harvest_or_results; limited_entry_bonus,Elk,"North Slope, Three Corners",Multiseason,True,True,False,True,True,HIGH,False,
EB3117,3,3,2024_le_oial_all.pdf; 24_bg-odds.pdf; 24_bg_report.pdf,harvest_or_results; limited_entry_bonus,Elk,Panguitch Lake,Multiseason,True,True,False,True,True,HIGH,False,
EB3120,3,3,2024_le_oial_all.pdf; 24_bg-odds.pdf; 24_bg_report.pdf,harvest_or_results; limited_entry_bonus,Elk,Fishlake/Thousand Lakes,Multiseason,True,True,False,True,True,HIGH,False,
EB3121,3,3,2024_le_oial_all.pdf; 24_bg-odds.pdf; 24_bg_report.pdf,harvest_or_results; limited_entry_bonus,Elk,San Juan Bull Elk,Multiseason,True,True,False,True,True,HIGH,False,
EB3122,3,3,2024_le_oial_all.pdf; 24_bg-odds.pdf; 24_bg_report.pdf,harvest_or_results; limited_entry_bonus,Elk,Diamond Mtn,Multiseason,True,True,False,True,True,HIGH,False,
EB3124,3,3,2024_le_oial_all.pdf; 24_bg-odds.pdf; 24_bg_report.pdf,harvest_or_results; limited_entry_bonus,Elk,Wasatch Mtns,Multiseason,True,True,False,True,True,HIGH,False,
EB3126,3,3,2024_le_oial_all.pdf; 24_bg-odds.pdf; 24_bg_report.pdf,harvest_or_results; limited_entry_bonus,Elk,Manti,Mid Any Legal Weapon,True,True,False,True,True,HIGH,False,
EB3127,3,3,2024_le_oial_all.pdf; 24_bg-odds.pdf; 24_bg_report.pdf,harvest_or_results; limited_entry_bonus,Elk,Wasatch Mtns,Mid Any Legal Weapon,True,True,False,True,True,HIGH,False,
EB3130,3,3,2024_le_oial_all.pdf; 24_bg-odds.pdf; 24_bg_report.pdf,harvest_or_results; limited_entry_bonus,Elk,"Box Elder, Pilot Mtn",Archery,True,True,False,True,True,HIGH,False,
EB3132,3,3,2024_le_oial_all.pdf; 24_bg-odds.pdf; 24_bg_report.pdf,harvest_or_results; limited_entry_bonus,Elk,"Cache, North",September Archery,True,True,False,True,True,HIGH,False,
EB3135,3,3,2024_le_oial_all.pdf; 24_bg-odds.pdf; 24_bg_report.pdf,harvest_or_results; limited_entry_bonus,Elk,Barney Top/Kaiparowits,September Archery,True,True,False,True,True,HIGH,False,
EB3136,3,3,2024_le_oial_all.pdf; 24_bg-odds.pdf; 24_bg_report.pdf,harvest_or_results; limited_entry_bonus,Elk,"Southwest Desert, North",September Archery,True,True,False,True,True,HIGH,False,
EB3137,3,3,2024_le_oial_all.pdf; 24_bg-odds.pdf; 24_bg_report.pdf,harvest_or_results; limited_entry_bonus,Elk,"West Desert, Deep Creek",September Archery,True,True,False,True,True,HIGH,False,
EB3139,3,3,2024_le_oial_all.pdf; 24_bg-odds.pdf; 24_bg_report.pdf,harvest_or_results; limited_entry_bonus,Elk,"Cache, North",HAMSS,True,True,False,True,True,HIGH,False,
EB3142,3,3,2024_le_oial_all.pdf; 24_bg-odds.pdf; 24_bg_report.pdf,harvest_or_results; limited_entry_bonus,Elk,Barney Top/Kaiparowits,HAMSS,True,True,False,True,True,HIGH,False,
EB3143,3,3,2024_le_oial_all.pdf; 24_bg-odds.pdf; 24_bg_report.pdf,harvest_or_results; limited_entry_bonus,Elk,"Southwest Desert, North",HAMSS,True,True,False,True,True,HIGH,False,
EB3144,3,3,2024_le_oial_all.pdf; 24_bg-odds.pdf; 24_bg_report.pdf,harvest_or_results; limited_entry_bonus,Elk,"West Desert, Deep Creek",HAMSS,True,True,False,True,True,HIGH,False,
EB3145,3,3,2024_le_oial_all.pdf; 24_bg-odds.pdf; 24_bg_report.pdf,harvest_or_results; limited_entry_bonus,Elk,Boulder,Archery,True,True,False,True,True,HIGH,False,
EB3146,3,3,2024_le_oial_all.pdf; 24_bg-odds.pdf; 24_bg_report.pdf,harvest_or_results; limited_entry_bonus,Elk,"Southwest Desert, South",Archery,True,True,False,True,True,HIGH,False,
EB3147,3,3,2024_le_oial_all.pdf; 24_bg-odds.pdf; 24_bg_report.pdf,harvest_or_results; limited_entry_bonus,Elk,"Box Elder, Grouse Creek",Early Any Legal Weapon,True,True,False,True,True,HIGH,False,
EB3148,3,3,2024_le_oial_all.pdf; 24_bg-odds.pdf; 24_bg_report.pdf,harvest_or_results; limited_entry_bonus,Elk,Boulder,Early Any Legal Weapon,True,True,False,True,True,HIGH,False,
EB3149,3,3,2024_le_oial_all.pdf; 24_bg-odds.pdf; 24_bg_report.pdf,harvest_or_results; limited_entry_bonus,Elk,"Southwest Desert, South",Early Any Legal Weapon,True,True,False,True,True,HIGH,False,
EB3150,3,3,2024_le_oial_all.pdf; 24_bg-odds.pdf; 24_bg_report.pdf,harvest_or_results; limited_entry_bonus,Elk,"Box Elder, Grouse Creek",Mid Any Legal Weapon,True,True,False,True,True,HIGH,False,
EB3151,3,3,2024_le_oial_all.pdf; 24_bg-odds.pdf; 24_bg_report.pdf,harvest_or_results; limited_entry_bonus,Elk,Boulder,Late Any Legal Weapon,True,True,False,True,True,HIGH,False,
EB3152,3,3,2024_le_oial_all.pdf; 24_bg-odds.pdf; 24_bg_report.pdf,harvest_or_results; limited_entry_bonus,Elk,"Southwest Desert, South",Late Any Legal Weapon,True,True,False,True,True,HIGH,False,
EB3153,3,3,2024_le_oial_all.pdf; 24_bg-odds.pdf; 24_bg_report.pdf,harvest_or_results; limited_entry_bonus,Elk,"Box Elder, Grouse Creek",Muzzleloader,True,True,False,True,True,HIGH,False,
EB3154,3,3,2024_le_oial_all.pdf; 24_bg-odds.pdf; 24_bg_report.pdf,harvest_or_results; limited_entry_bonus,Elk,Boulder,Muzzleloader,True,True,False,True,True,HIGH,False,
EB3155,3,3,2024_le_oial_all.pdf; 24_bg-odds.pdf; 24_bg_report.pdf,harvest_or_results; limited_entry_bonus,Elk,"Southwest Desert, South",Muzzleloader,True,True,False,True,True,HIGH,False,
EB3156,3,3,2024_le_oial_all.pdf; 24_bg-odds.pdf; 24_bg_report.pdf,harvest_or_results; limited_entry_bonus,Elk,Boulder,Multiseason,True,True,False,True,True,HIGH,False,
EB3157,3,3,2024_le_oial_all.pdf; 24_bg-odds.pdf; 24_bg_report.pdf,harvest_or_results; limited_entry_bonus,Elk,"Southwest Desert, South",Multiseason,True,True,False,True,True,HIGH,False,
EB3158,3,3,2024_le_oial_all.pdf; 24_bg-odds.pdf; 24_bg_report.pdf,harvest_or_results; limited_entry_bonus,Elk,"Beaver, East",Late Archery,True,True,False,True,True,HIGH,False,
EB3159,3,3,2024_le_oial_all.pdf; 24_bg-odds.pdf; 24_bg_report.pdf,harvest_or_results; limited_entry_bonus,Elk,"Beaver, East",Mid Any Legal Weapon,True,True,False,True,True,HIGH,False,
EB3160,3,3,2024_le_oial_all.pdf; 24_bg-odds.pdf; 24_bg_report.pdf,harvest_or_results; limited_entry_bonus,Elk,"Book Cliffs, Bitter Creek/East",Archery,True,True,False,True,True,HIGH,False,
EB3161,3,3,2024_le_oial_all.pdf; 24_bg-odds.pdf; 24_bg_report.pdf,harvest_or_results; limited_entry_bonus,Elk,"Book Cliffs, Bitter Creek/East",Late Archery,True,True,False,True,True,HIGH,False,
EB3162,3,3,2024_le_oial_all.pdf; 24_bg-odds.pdf; 24_bg_report.pdf,harvest_or_results; limited_entry_bonus,Elk,"Book Cliffs, Bitter Creek/East",Early Any Legal Weapon,True,True,False,True,True,HIGH,False,
EB3163,3,3,2024_le_oial_all.pdf; 24_bg-odds.pdf; 24_bg_report.pdf,harvest_or_results; limited_entry_bonus,Elk,"Book Cliffs, Bitter Creek/East",Late Any Legal Weapon,True,True,False,True,True,HIGH,False,
EB3164,3,3,2024_le_oial_all.pdf; 24_bg-odds.pdf; 24_bg_report.pdf,harvest_or_results; limited_entry_bonus,Elk,"Book Cliffs, Bitter Creek/East",Mid Any Legal Weapon,True,True,False,True,True,HIGH,False,
EB3165,3,3,2024_le_oial_all.pdf; 24_bg-odds.pdf; 24_bg_report.pdf,harvest_or_results; limited_entry_bonus,Elk,"Book Cliffs, Bitter Creek/East",Multiseason,True,True,False,True,True,HIGH,False,
EB3166,3,3,2024_le_oial_all.pdf; 24_bg-odds.pdf; 24_bg_report.pdf,harvest_or_results; limited_entry_bonus,Elk,"Book Cliffs, Bitter Creek/East",Muzzleloader,True,True,False,True,True,HIGH,False,
EB3167,3,3,2024_le_oial_all.pdf; 24_bg-odds.pdf; 24_bg_report.pdf,harvest_or_results; limited_entry_bonus,Elk,"Book Cliffs, Little Creek Roadless",Mid Any Legal Weapon,True,True,False,True,True,HIGH,False,
EB3168,3,3,2024_le_oial_all.pdf; 24_bg-odds.pdf; 24_bg_report.pdf,harvest_or_results; limited_entry_bonus,Elk,"Cache, Meadowville",Late Archery,True,True,False,True,True,HIGH,False,
EB3169,3,3,2024_le_oial_all.pdf; 24_bg-odds.pdf; 24_bg_report.pdf,harvest_or_results; limited_entry_bonus,Elk,"Cache, Meadowville",Mid Any Legal Weapon,True,True,False,True,True,HIGH,False,
EB3170,3,3,2024_le_oial_all.pdf; 24_bg-odds.pdf; 24_bg_report.pdf,harvest_or_results; limited_entry_bonus,Elk,"Cache, South",Late Archery,True,True,False,True,True,HIGH,False,
EB3171,3,3,2024_le_oial_all.pdf; 24_bg-odds.pdf; 24_bg_report.pdf,harvest_or_results; limited_entry_bonus,Elk,"Cache, South",Mid Any Legal Weapon,True,True,False,True,True,HIGH,False,
EB3172,3,3,2024_le_oial_all.pdf; 24_bg-odds.pdf; 24_bg_report.pdf,harvest_or_results; limited_entry_bonus,Elk,Manti,Late Archery,True,True,False,True,True,HIGH,False,
EB3173,3,3,2024_le_oial_all.pdf; 24_bg-odds.pdf; 24_bg_report.pdf,harvest_or_results; limited_entry_bonus,Elk,Nebo/San Pitch Mtns,Archery,True,True,False,True,True,HIGH,False,
EB3174,3,3,2024_le_oial_all.pdf; 24_bg-odds.pdf; 24_bg_report.pdf,harvest_or_results; limited_entry_bonus,Elk,Nebo/San Pitch Mtns,Late Archery,True,True,False,True,True,HIGH,False,
EB3175,3,3,2024_le_oial_all.pdf; 24_bg-odds.pdf; 24_bg_report.pdf,harvest_or_results; limited_entry_bonus,Elk,Nebo/San Pitch Mtns,Early Any Legal Weapon,True,True,False,True,True,HIGH,False,
EB3176,3,3,2024_le_oial_all.pdf; 24_bg-odds.pdf; 24_bg_report.pdf,harvest_or_results; limited_entry_bonus,Elk,Nebo/San Pitch Mtns,Late Any Legal Weapon,True,True,False,True,True,HIGH,False,
EB3177,3,3,2024_le_oial_all.pdf; 24_bg-odds.pdf; 24_bg_report.pdf,harvest_or_results; limited_entry_bonus,Elk,Nebo/San Pitch Mtns,Mid Any Legal Weapon,True,True,False,True,True,HIGH,False,
EB3178,3,3,2024_le_oial_all.pdf; 24_bg-odds.pdf; 24_bg_report.pdf,harvest_or_results; limited_entry_bonus,Elk,Nebo/San Pitch Mtns,Multiseason,True,True,False,True,True,HIGH,False,
EB3179,3,3,2024_le_oial_all.pdf; 24_bg-odds.pdf; 24_bg_report.pdf,harvest_or_results; limited_entry_bonus,Elk,Nebo/San Pitch Mtns,Muzzleloader,True,True,False,True,True,HIGH,False,
EB3180,3,3,2024_le_oial_all.pdf; 24_bg-odds.pdf; 24_bg_report.pdf,harvest_or_results; limited_entry_bonus,Elk,"Fillmore, Pahvant",Late Archery,True,True,False,True,True,HIGH,False,
EB3181,3,3,2024_le_oial_all.pdf; 24_bg-odds.pdf; 24_bg_report.pdf,harvest_or_results; limited_entry_bonus,Elk,"Fillmore, Pahvant",Mid Any Legal Weapon,True,True,False,True,True,HIGH,False,
EB3182,3,3,2024_le_oial_all.pdf; 24_bg-odds.pdf; 24_bg_report.pdf,harvest_or_results; limited_entry_bonus,Elk,La Sal Mtns,Late Archery,True,True,False,True,True,HIGH,False,
EB3183,3,3,2024_le_oial_all.pdf; 24_bg-odds.pdf; 24_bg_report.pdf,harvest_or_results; limited_entry_bonus,Elk,La Sal Mtns,Mid Any Legal Weapon,True,True,False,True,True,HIGH,False,
EB3184,3,3,2024_le_oial_all.pdf; 24_bg-odds.pdf; 24_bg_report.pdf,harvest_or_results; limited_entry_bonus,Elk,Monroe,Late Archery,True,True,False,True,True,HIGH,False,
EB3185,3,3,2024_le_oial_all.pdf; 24_bg-odds.pdf; 24_bg_report.pdf,harvest_or_results; limited_entry_bonus,Elk,Monroe,Mid Any Legal Weapon,True,True,False,True,True,HIGH,False,
EB3186,3,3,2024_le_oial_all.pdf; 24_bg-odds.pdf; 24_bg_report.pdf,harvest_or_results; limited_entry_bonus,Elk,Mt Dutton,Late Archery,True,True,False,True,True,HIGH,False,
EB3187,3,3,2024_le_oial_all.pdf; 24_bg-odds.pdf; 24_bg_report.pdf,harvest_or_results; limited_entry_bonus,Elk,Mt Dutton,Mid Any Legal Weapon,True,True,False,True,True,HIGH,False,
EB3188,3,3,2024_le_oial_all.pdf; 24_bg-odds.pdf; 24_bg_report.pdf,harvest_or_results; limited_entry_bonus,Elk,Panguitch Lake,Late Archery,True,True,False,True,True,HIGH,False,
EB3189,3,3,2024_le_oial_all.pdf; 24_bg-odds.pdf; 24_bg_report.pdf,harvest_or_results; limited_entry_bonus,Elk,Panguitch Lake,Mid Any Legal Weapon,True,True,False,True,True,HIGH,False,
EB3190,3,3,2024_le_oial_all.pdf; 24_bg-odds.pdf; 24_bg_report.pdf,harvest_or_results; limited_entry_bonus,Elk,Boulder,Late Archery,True,True,False,True,True,HIGH,False,
EB3191,3,3,2024_le_oial_all.pdf; 24_bg-odds.pdf; 24_bg_report.pdf,harvest_or_results; limited_entry_bonus,Elk,Boulder,Mid Any Legal Weapon,True,True,False,True,True,HIGH,False,
EB3192,3,3,2024_le_oial_all.pdf; 24_bg-odds.pdf; 24_bg_report.pdf,harvest_or_results; limited_entry_bonus,Elk,Fishlake/Thousand Lakes,Late Archery,True,True,False,True,True,HIGH,False,
EB3193,3,3,2024_le_oial_all.pdf; 24_bg-odds.pdf; 24_bg_report.pdf,harvest_or_results; limited_entry_bonus,Elk,San Juan Bull Elk,Late Archery,True,True,False,True,True,HIGH,False,
EB3194,3,3,2024_le_oial_all.pdf; 24_bg-odds.pdf; 24_bg_report.pdf,harvest_or_results; limited_entry_bonus,Elk,San Juan Bull Elk,Mid Any Legal Weapon,True,True,False,True,True,HIGH,False,
EB3195,3,3,2024_le_oial_all.pdf; 24_bg-odds.pdf; 24_bg_report.pdf,harvest_or_results; limited_entry_bonus,Elk,Diamond Mtn,Late Archery,True,True,False,True,True,HIGH,False,
EB3196,3,3,2024_le_oial_all.pdf; 24_bg-odds.pdf; 24_bg_report.pdf,harvest_or_results; limited_entry_bonus,Elk,Diamond Mtn,Late Any Legal Weapon,True,True,False,True,True,HIGH,False,
EB3197,3,3,2024_le_oial_all.pdf; 24_bg-odds.pdf; 24_bg_report.pdf,harvest_or_results; limited_entry_bonus,Elk,"Southwest Desert, South",Late Archery,True,True,False,True,True,HIGH,False,
EB3198,3,3,2024_le_oial_all.pdf; 24_bg-odds.pdf; 24_bg_report.pdf,harvest_or_results; limited_entry_bonus,Elk,"Southwest Desert, South",Mid Any Legal Weapon,True,True,False,True,True,HIGH,False,
EB3199,3,3,2024_le_oial_all.pdf; 24_bg-odds.pdf; 24_bg_report.pdf,harvest_or_results; limited_entry_bonus,Elk,Wasatch Mtns,Late Archery,True,True,False,True,True,HIGH,False,
EB3500,3,3,2024_le_oial_all.pdf; 24_bg-odds.pdf; 24_bg_report.pdf,harvest_or_results; limited_entry_bonus,Elk,Alton,Any Legal Weapon,True,True,False,True,True,HIGH,False,
EB3501,3,3,2024_le_oial_all.pdf; 24_bg-odds.pdf; 24_bg_report.pdf,harvest_or_results; limited_entry_bonus,Elk,Bar J Ranch,Any Legal Weapon,True,True,False,True,True,HIGH,False,
EB3502,3,3,2024_le_oial_all.pdf; 24_bg-odds.pdf; 24_bg_report.pdf,harvest_or_results; limited_entry_bonus,Elk,Bear Mountain,Any Legal Weapon,True,True,False,True,True,HIGH,False,
EB3503,3,3,2024_le_oial_all.pdf; 24_bg-odds.pdf; 24_bg_report.pdf,harvest_or_results; limited_entry_bonus,Elk,Bear Springs,Any Legal Weapon,True,True,False,True,True,HIGH,False,
EB3504,3,3,2024_le_oial_all.pdf; 24_bg-odds.pdf; 24_bg_report.pdf,harvest_or_results; limited_entry_bonus,Elk,Black Hawk,Any Legal Weapon,True,True,False,True,True,HIGH,False,
EB3505,3,3,2024_le_oial_all.pdf; 24_bg-odds.pdf; 24_bg_report.pdf,harvest_or_results; limited_entry_bonus,Elk,Boobe Hole,Any Legal Weapon,True,True,False,True,True,HIGH,False,
EB3506,3,3,2024_le_oial_all.pdf; 24_bg-odds.pdf; 24_bg_report.pdf,harvest_or_results; limited_entry_bonus,Elk,Causey Spring,Any Legal Weapon,True,True,False,True,True,HIGH,False,
EB3508,3,3,2024_le_oial_all.pdf; 24_bg-odds.pdf; 24_bg_report.pdf,harvest_or_results; limited_entry_bonus,Elk,Chimney Rock,Any Legal Weapon,True,True,False,True,True,HIGH,False,
EB3509,3,3,2024_le_oial_all.pdf; 24_bg-odds.pdf; 24_bg_report.pdf,harvest_or_results; limited_entry_bonus,Elk,Coldwater Ranch,Any Legal Weapon,True,True,False,True,True,HIGH,False,
EB3511,3,3,2024_le_oial_all.pdf; 24_bg-odds.pdf; 24_bg_report.pdf,harvest_or_results; limited_entry_bonus,Elk,Cotton Thomas,Any Legal Weapon,True,True,False,True,True,HIGH,False,
EB3514,3,3,2024_le_oial_all.pdf; 24_bg-odds.pdf; 24_bg_report.pdf,harvest_or_results; limited_entry_bonus,Elk,Deseret,Any Legal Weapon,True,True,False,True,True,HIGH,False,
EB3515,3,3,2024_le_oial_all.pdf; 24_bg-odds.pdf; 24_bg_report.pdf,harvest_or_results; limited_entry_bonus,Elk,Double Cone,Any Legal Weapon,True,True,False,True,True,HIGH,False,
EB3516,3,3,2024_le_oial_all.pdf; 24_bg-odds.pdf; 24_bg_report.pdf,harvest_or_results; limited_entry_bonus,Elk,Durst Mountain,Any Legal Weapon,True,True,False,True,True,HIGH,False,
EB3517,3,3,2024_le_oial_all.pdf; 24_bg-odds.pdf; 24_bg_report.pdf,harvest_or_results; limited_entry_bonus,Elk,East Fork Chalk Creek,Any Legal Weapon,True,True,False,True,True,HIGH,False,
EB3519,3,3,2024_le_oial_all.pdf; 24_bg-odds.pdf; 24_bg_report.pdf,harvest_or_results; limited_entry_bonus,Elk,Ensign Ranches,Any Legal Weapon,True,True,False,True,True,HIGH,False,
EB3520,3,3,2024_le_oial_all.pdf; 24_bg-odds.pdf; 24_bg_report.pdf,harvest_or_results; limited_entry_bonus,Elk,Folley Ridge,Any Legal Weapon,True,True,False,True,True,HIGH,False,
EB3521,3,3,2024_le_oial_all.pdf; 24_bg-odds.pdf; 24_bg_report.pdf,harvest_or_results; limited_entry_bonus,Elk,Grass Valley/Clark Canyon,Any Legal Weapon,True,True,False,True,True,HIGH,False,
EB3522,3,3,2024_le_oial_all.pdf; 24_bg-odds.pdf; 24_bg_report.pdf,harvest_or_results; limited_entry_bonus,Elk,Grazing Pasture,Any Legal Weapon,True,True,False,True,True,HIGH,False,
EB3523,3,3,2024_le_oial_all.pdf; 24_bg-odds.pdf; 24_bg_report.pdf,harvest_or_results; limited_entry_bonus,Elk,Guildersleeve,Any Legal Weapon,True,True,False,True,True,HIGH,False,
EB3524,3,3,2024_le_oial_all.pdf; 24_bg-odds.pdf; 24_bg_report.pdf,harvest_or_results; limited_entry_bonus,Elk,Hardscrabble,Any Legal Weapon,True,True,False,True,True,HIGH,False,
EB3525,3,3,2024_le_oial_all.pdf; 24_bg-odds.pdf; 24_bg_report.pdf,harvest_or_results; limited_entry_bonus,Elk,Heaston East,Any Legal Weapon,True,True,False,True,True,HIGH,False,
EB3526,3,3,2024_le_oial_all.pdf; 24_bg-odds.pdf; 24_bg_report.pdf,harvest_or_results; limited_entry_bonus,Elk,Hiawatha,Any Legal Weapon,True,True,False,True,True,HIGH,False,
EB3527,3,3,2024_le_oial_all.pdf; 24_bg-odds.pdf; 24_bg_report.pdf,harvest_or_results; limited_entry_bonus,Elk,Indian Head,Any Legal Weapon,True,True,False,True,True,HIGH,False,
EB3528,3,3,2024_le_oial_all.pdf; 24_bg-odds.pdf; 24_bg_report.pdf,harvest_or_results; limited_entry_bonus,Elk,Ingham Peak,Any Legal Weapon,True,True,False,True,True,HIGH,False,
EB3529,3,3,2024_le_oial_all.pdf; 24_bg-odds.pdf; 24_bg_report.pdf,harvest_or_results; limited_entry_bonus,Elk,Circle E Ranch,Any Legal Weapon,True,True,False,True,True,HIGH,False,
EB3530,3,3,2024_le_oial_all.pdf; 24_bg-odds.pdf; 24_bg_report.pdf,harvest_or_results; limited_entry_bonus,Elk,Jacob's Creek,Any Legal Weapon,True,True,False,True,True,HIGH,False,
EB3531,3,3,2024_le_oial_all.pdf; 24_bg-odds.pdf; 24_bg_report.pdf,harvest_or_results; limited_entry_bonus,Elk,Johnson Mountain Ranch,Any Legal Weapon,True,True,False,True,True,HIGH,False,
EB3532,3,3,2024_le_oial_all.pdf; 24_bg-odds.pdf; 24_bg_report.pdf,harvest_or_results; limited_entry_bonus,Elk,Jump Creek,Any Legal Weapon,True,True,False,True,True,HIGH,False,
EB3533,3,3,2024_le_oial_all.pdf; 24_bg-odds.pdf; 24_bg_report.pdf,harvest_or_results; limited_entry_bonus,Elk,Junction Valley,Any Legal Weapon,True,True,False,True,True,HIGH,False,
EB3534,3,3,2024_le_oial_all.pdf; 24_bg-odds.pdf; 24_bg_report.pdf,harvest_or_results; limited_entry_bonus,Elk,Little Red Creek,Any Legal Weapon,True,True,False,True,True,HIGH,False,
EB3536,3,3,2024_le_oial_all.pdf; 24_bg-odds.pdf; 24_bg_report.pdf,harvest_or_results; limited_entry_bonus,Elk,Minnie Maud Ridge,Any Legal Weapon,True,True,False,True,True,HIGH,False,
EB3538,3,3,2024_le_oial_all.pdf; 24_bg-odds.pdf; 24_bg_report.pdf,harvest_or_results; limited_entry_bonus,Elk,Moon Ranch,Any Legal Weapon,True,True,False,True,True,HIGH,False,
EB3540,3,3,2024_le_oial_all.pdf; 24_bg-odds.pdf; 24_bg_report.pdf,harvest_or_results; limited_entry_bonus,Elk,Old Woman Plateau,Any Legal Weapon,True,True,False,True,True,HIGH,False,
EB3541,3,3,2024_le_oial_all.pdf; 24_bg-odds.pdf; 24_bg_report.pdf,harvest_or_results; limited_entry_bonus,Elk,Patmos Ridge,Any Legal Weapon,True,True,False,True,True,HIGH,False,
EB3543,3,3,2024_le_oial_all.pdf; 24_bg-odds.pdf; 24_bg_report.pdf,harvest_or_results; limited_entry_bonus,Elk,Preston Nutter Ranch,Any Legal Weapon,True,True,False,True,True,HIGH,False,
EB3544,3,3,2024_le_oial_all.pdf; 24_bg-odds.pdf; 24_bg_report.pdf,harvest_or_results; limited_entry_bonus,Elk,Redd Ranches,Any Legal Weapon,True,True,False,True,True,HIGH,False,
EB3545,3,3,2024_le_oial_all.pdf; 24_bg-odds.pdf; 24_bg_report.pdf,harvest_or_results; limited_entry_bonus,Elk,Riverview Ranch LLC,Any Legal Weapon,True,True,False,True,True,HIGH,False,
EB3546,3,3,2024_le_oial_all.pdf; 24_bg-odds.pdf; 24_bg_report.pdf,harvest_or_results; limited_entry_bonus,Elk,Roan Cliffs,Any Legal Weapon,True,True,False,True,True,HIGH,False,
EB3547,3,3,2024_le_oial_all.pdf; 24_bg-odds.pdf; 24_bg_report.pdf,harvest_or_results; limited_entry_bonus,Elk,Sand Creek,Any Legal Weapon,True,True,False,True,True,HIGH,False,
EB3548,3,3,2024_le_oial_all.pdf; 24_bg-odds.pdf; 24_bg_report.pdf,harvest_or_results; limited_entry_bonus,Elk,Scofield Canyons,Any Legal Weapon,True,True,False,True,True,HIGH,False,
EB3549,3,3,2024_le_oial_all.pdf; 24_bg-odds.pdf; 24_bg_report.pdf,harvest_or_results; limited_entry_bonus,Elk,Scofield East,Any Legal Weapon,True,True,False,True,True,HIGH,False,
EB3550,3,3,2024_le_oial_all.pdf; 24_bg-odds.pdf; 24_bg_report.pdf,harvest_or_results; limited_entry_bonus,Elk,Scofield West,Any Legal Weapon,True,True,False,True,True,HIGH,False,
EB3551,3,3,2024_le_oial_all.pdf; 24_bg-odds.pdf; 24_bg_report.pdf,harvest_or_results; limited_entry_bonus,Elk,SJ Ranch,Any Legal Weapon,True,True,False,True,True,HIGH,False,
EB3552,3,3,2024_le_oial_all.pdf; 24_bg-odds.pdf; 24_bg_report.pdf,harvest_or_results; limited_entry_bonus,Elk,Skull Crack,Any Legal Weapon,True,True,False,True,True,HIGH,False,
EB3553,3,3,2024_le_oial_all.pdf; 24_bg-odds.pdf; 24_bg_report.pdf,harvest_or_results; limited_entry_bonus,Elk,Soldier Summit,Any Legal Weapon,True,True,False,True,True,HIGH,False,
EB3554,3,3,2024_le_oial_all.pdf; 24_bg-odds.pdf; 24_bg_report.pdf,harvest_or_results; limited_entry_bonus,Elk,South Canyon,Any Legal Weapon,True,True,False,True,True,HIGH,False,
EB3555,3,3,2024_le_oial_all.pdf; 24_bg-odds.pdf; 24_bg_report.pdf,harvest_or_results; limited_entry_bonus,Elk,Spring Creek/Dodge,Any Legal Weapon,True,True,False,True,True,HIGH,False,
EB3557,3,3,2024_le_oial_all.pdf; 24_bg-odds.pdf; 24_bg_report.pdf,harvest_or_results; limited_entry_bonus,Elk,Strawberry Ridge,Any Legal Weapon,True,True,False,True,True,HIGH,False,
EB3558,3,3,2024_le_oial_all.pdf; 24_bg-odds.pdf; 24_bg_report.pdf,harvest_or_results; limited_entry_bonus,Elk,Summit Point,Any Legal Weapon,True,True,False,True,True,HIGH,False,
EB3559,3,3,2024_le_oial_all.pdf; 24_bg-odds.pdf; 24_bg_report.pdf,harvest_or_results; limited_entry_bonus,Elk,Three C,Any Legal Weapon,True,True,False,True,True,HIGH,False,
EB3561,3,3,2024_le_oial_all.pdf; 24_bg-odds.pdf; 24_bg_report.pdf,harvest_or_results; limited_entry_bonus,Elk,Two Bear,Any Legal Weapon,True,True,False,True,True,HIGH,False,
EB3562,3,3,2024_le_oial_all.pdf; 24_bg-odds.pdf; 24_bg_report.pdf,harvest_or_results; limited_entry_bonus,Elk,Wallsburg,Any Legal Weapon,True,True,False,True,True,HIGH,False,
EB3564,3,3,2024_le_oial_all.pdf; 24_bg-odds.pdf; 24_bg_report.pdf,harvest_or_results; limited_entry_bonus,Elk,Woodruff Creek South,Any Legal Weapon,True,True,False,True,True,HIGH,False,
EB3565,3,3,2024_le_oial_all.pdf; 24_bg-odds.pdf; 24_bg_report.pdf,harvest_or_results; limited_entry_bonus,Elk,North Peaks,Any Legal Weapon,True,True,False,True,True,HIGH,False,
EB3603,3,3,2024_le_oial_all.pdf; 24_bg-odds.pdf; 24_bg_report.pdf,harvest_or_results; limited_entry_bonus,Elk,Pahvant Ensign,Any Legal Weapon,True,True,False,True,True,HIGH,False,
EB3604,3,3,2024_le_oial_all.pdf; 24_bg-odds.pdf; 24_bg_report.pdf,harvest_or_results; limited_entry_bonus,Elk,Double R Ranch,Any Legal Weapon,True,True,False,True,True,HIGH,False,
EB3606,3,3,2024_le_oial_all.pdf; 24_bg-odds.pdf; 24_bg_report.pdf,harvest_or_results; limited_entry_bonus,Elk,Mountain Sky Ranch,Any Legal Weapon,True,True,False,True,True,HIGH,False,
EB3607,3,3,2024_le_oial_all.pdf; 24_bg-odds.pdf; 24_bg_report.pdf,harvest_or_results; limited_entry_bonus,Elk,West Willow Creek Ranch,Any Legal Weapon,True,True,False,True,True,HIGH,False,
EB3608,3,3,2024_le_oial_all.pdf; 24_bg-odds.pdf; 24_bg_report.pdf,harvest_or_results; limited_entry_bonus,Elk,Avintaquin Canyon,Any Legal Weapon,True,True,False,True,True,HIGH,False,
EB3609,3,3,2024_le_oial_all.pdf; 24_bg-odds.pdf; 24_bg_report.pdf,harvest_or_results; limited_entry_bonus,Elk,Royal Ivory Outfitters,Any Legal Weapon,True,True,False,True,True,HIGH,False,
EB3610,3,3,2024_le_oial_all.pdf; 24_bg-odds.pdf; 24_bg_report.pdf,harvest_or_results; limited_entry_bonus,Elk,Sharp Mountain,Any Legal Weapon,True,True,False,True,True,HIGH,False,
EB3611,3,3,2024_le_oial_all.pdf; 24_bg-odds.pdf; 24_bg_report.pdf,harvest_or_results; limited_entry_bonus,Elk,West Ridge,Any Legal Weapon,True,True,False,True,True,HIGH,False,
EB3613,3,3,2024_le_oial_all.pdf; 24_bg-odds.pdf; 24_bg_report.pdf,harvest_or_results; limited_entry_bonus,Elk,Little Pole Canyon,Any Legal Weapon,True,True,False,True,True,HIGH,False,
EB3614,3,3,2024_le_oial_all.pdf; 24_bg-odds.pdf; 24_bg_report.pdf,harvest_or_results; limited_entry_bonus,Elk,Tunnel Hollow,Any Legal Weapon,True,True,False,True,True,HIGH,False,
EB3617,3,3,2024_le_oial_all.pdf; 24_bg-odds.pdf; 24_bg_report.pdf,harvest_or_results; limited_entry_bonus,Elk,Diamond Mountain CWMU,Any Legal Weapon,True,True,False,True,True,HIGH,False,
EB3619,3,3,2024_le_oial_all.pdf; 24_bg-odds.pdf; 24_bg_report.pdf,harvest_or_results; limited_entry_bonus,Elk,Weber Florence Creek/Stillman Creek,Any Legal Weapon,True,True,False,True,True,HIGH,False,
GO6800,3,3,2024_le_oial_all.pdf; 24_bg-odds.pdf; 24_bg_report.pdf,harvest_or_results; limited_entry_bonus,Mountain Goat,Beaver,Any Legal Weapon,True,True,False,True,True,HIGH,False,
GO6801,3,3,2024_le_oial_all.pdf; 24_bg-odds.pdf; 24_bg_report.pdf,harvest_or_results; limited_entry_bonus,Mountain Goat,Beaver,Any Legal Weapon,True,True,False,True,True,HIGH,False,
GO6803,3,3,2024_le_oial_all.pdf; 24_bg-odds.pdf; 24_bg_report.pdf,harvest_or_results; limited_entry_bonus,Mountain Goat,Nebo,Any Legal Weapon,True,True,False,True,True,HIGH,False,
GO6804,3,3,2024_le_oial_all.pdf; 24_bg-odds.pdf; 24_bg_report.pdf,harvest_or_results; limited_entry_bonus,Mountain Goat,High Uintas Kamas,Any Legal Weapon,True,True,False,True,True,HIGH,False,
GO6805,3,3,2024_le_oial_all.pdf; 24_bg-odds.pdf; 24_bg_report.pdf,harvest_or_results; limited_entry_bonus,Mountain Goat,High Uintas Central,Any Legal Weapon,True,True,False,True,True,HIGH,False,
GO6806,3,3,2024_le_oial_all.pdf; 24_bg-odds.pdf; 24_bg_report.pdf,harvest_or_results; limited_entry_bonus,Mountain Goat,High Uintas East,Any Legal Weapon,True,True,False,True,True,HIGH,False,
GO6807,3,3,2024_le_oial_all.pdf; 24_bg-odds.pdf; 24_bg_report.pdf,harvest_or_results; limited_entry_bonus,Mountain Goat,High Uintas Leidy Peak,Any Legal Weapon,True,True,False,True,True,HIGH,False,
GO6808,3,3,2024_le_oial_all.pdf; 24_bg-odds.pdf; 24_bg_report.pdf,harvest_or_results; limited_entry_bonus,Mountain Goat,High Uintas West,Any Legal Weapon,True,True,False,True,True,HIGH,False,
GO6810,3,3,2024_le_oial_all.pdf; 24_bg-odds.pdf; 24_bg_report.pdf,harvest_or_results; limited_entry_bonus,Mountain Goat,"Ogden, Willard Peak",Any Legal Weapon,True,True,False,True,True,HIGH,False,
GO6813,3,3,2024_le_oial_all.pdf; 24_bg-odds.pdf; 24_bg_report.pdf,harvest_or_results; limited_entry_bonus,Mountain Goat,"Wasatch Mtns, Provo Peak",Any Legal Weapon,True,True,False,True,True,HIGH,False,
GO6814,3,3,2024_le_oial_all.pdf; 24_bg-odds.pdf; 24_bg_report.pdf,harvest_or_results; limited_entry_bonus,Mountain Goat,Mt Dutton,Any Legal Weapon,True,True,False,True,True,HIGH,False,
GO6817,3,3,2024_le_oial_all.pdf; 24_bg-odds.pdf; 24_bg_report.pdf,harvest_or_results; limited_entry_bonus,Mountain Goat,La Sal Mtns,Any Legal Weapon,True,True,False,True,True,HIGH,False,
GO6818,3,3,2024_le_oial_all.pdf; 24_bg-odds.pdf; 24_bg_report.pdf,harvest_or_results; limited_entry_bonus,Mountain Goat,"Wasatch Mtns, Box Elder Peak",Any Legal Weapon,True,True,False,True,True,HIGH,False,
GO6819,3,3,2024_le_oial_all.pdf; 24_bg-odds.pdf; 24_bg_report.pdf,harvest_or_results; limited_entry_bonus,Mountain Goat,"Wasatch Mtns, Lone Peak",Any Legal Weapon,True,True,False,True,True,HIGH,False,
GO6820,3,3,2024_le_oial_all.pdf; 24_bg-odds.pdf; 24_bg_report.pdf,harvest_or_results; limited_entry_bonus,Mountain Goat,"Wasatch Mtns, Timpanogos",Any Legal Weapon,True,True,False,True,True,HIGH,False,
GO6821,3,3,2024_le_oial_all.pdf; 24_bg-odds.pdf; 24_bg_report.pdf,harvest_or_results; limited_entry_bonus,Mountain Goat,Nebo,Archery,True,True,False,True,True,HIGH,False,
GO6822,3,3,2024_le_oial_all.pdf; 24_bg-odds.pdf; 24_bg_report.pdf,harvest_or_results; limited_entry_bonus,Mountain Goat,Beaver,Archery,True,True,False,True,True,HIGH,False,
MB6000,3,3,2024_le_oial_all.pdf; 24_bg-odds.pdf; 24_bg_report.pdf,harvest_or_results; limited_entry_bonus,Moose,Cache,Any Legal Weapon,True,True,False,True,True,HIGH,False,
MB6001,3,3,2024_le_oial_all.pdf; 24_bg-odds.pdf; 24_bg_report.pdf,harvest_or_results; limited_entry_bonus,Moose,Chalk Creek,Any Legal Weapon,True,True,False,True,True,HIGH,False,
MB6002,3,3,2024_le_oial_all.pdf; 24_bg-odds.pdf; 24_bg_report.pdf,harvest_or_results; limited_entry_bonus,Moose,East Canyon,Any Legal Weapon,True,True,False,True,True,HIGH,False,
MB6003,3,3,2024_le_oial_all.pdf; 24_bg-odds.pdf; 24_bg_report.pdf,harvest_or_results; limited_entry_bonus,Moose,"East Canyon, Morgan-Summit",Any Legal Weapon,True,True,False,True,True,HIGH,False,
MB6004,3,3,2024_le_oial_all.pdf; 24_bg-odds.pdf; 24_bg_report.pdf,harvest_or_results; limited_entry_bonus,Moose,Kamas,Any Legal Weapon,True,True,False,True,True,HIGH,False,
MB6005,3,3,2024_le_oial_all.pdf; 24_bg-odds.pdf; 24_bg_report.pdf,harvest_or_results; limited_entry_bonus,Moose,Morgan-South Rich,Any Legal Weapon,True,True,False,True,True,HIGH,False,
MB6006,3,3,2024_le_oial_all.pdf; 24_bg-odds.pdf; 24_bg_report.pdf,harvest_or_results; limited_entry_bonus,Moose,"North Slope, Summit",Any Legal Weapon,True,True,False,True,True,HIGH,False,
MB6007,3,3,2024_le_oial_all.pdf; 24_bg-odds.pdf; 24_bg_report.pdf,harvest_or_results; limited_entry_bonus,Moose,"North Slope, Three Corners/West Daggett",Any Legal Weapon,True,True,False,True,True,HIGH,False,
MB6008,3,3,2024_le_oial_all.pdf; 24_bg-odds.pdf; 24_bg_report.pdf,harvest_or_results; limited_entry_bonus,Moose,Ogden,Any Legal Weapon,True,True,False,True,True,HIGH,False,
MB6009,3,3,2024_le_oial_all.pdf; 24_bg-odds.pdf; 24_bg_report.pdf,harvest_or_results; limited_entry_bonus,Moose,Diamond Mtn/Vernal,Any Legal Weapon,True,True,False,True,True,HIGH,False,
MB6010,3,3,2024_le_oial_all.pdf; 24_bg-odds.pdf; 24_bg_report.pdf,harvest_or_results; limited_entry_bonus,Moose,Yellowstone,Any Legal Weapon,True,True,False,True,True,HIGH,False,
MB6011,3,3,2024_le_oial_all.pdf; 24_bg-odds.pdf; 24_bg_report.pdf,harvest_or_results; limited_entry_bonus,Moose,Wasatch Mtns/Central Mtns,Any Legal Weapon,True,True,False,True,True,HIGH,False,
MB6200,3,3,2024_le_oial_all.pdf; 24_bg-odds.pdf; 24_bg_report.pdf,harvest_or_results; limited_entry_bonus,Moose,Bear Springs,Any Legal Weapon,True,True,False,True,True,HIGH,False,
MB6202,3,3,2024_le_oial_all.pdf; 24_bg-odds.pdf; 24_bg_report.pdf,harvest_or_results; limited_entry_bonus,Moose,Causey Spring,Any Legal Weapon,True,True,False,True,True,HIGH,False,
MB6206,3,3,2024_le_oial_all.pdf; 24_bg-odds.pdf; 24_bg_report.pdf,harvest_or_results; limited_entry_bonus,Moose,Deseret,Any Legal Weapon,True,True,False,True,True,HIGH,False,
MB6207,3,3,2024_le_oial_all.pdf; 24_bg-odds.pdf; 24_bg_report.pdf,harvest_or_results; limited_entry_bonus,Moose,Durst Mountain,Any Legal Weapon,True,True,False,True,True,HIGH,False,
MB6208,3,3,2024_le_oial_all.pdf; 24_bg-odds.pdf; 24_bg_report.pdf,harvest_or_results; limited_entry_bonus,Moose,East Fork Chalk Creek,Any Legal Weapon,True,True,False,True,True,HIGH,False,
MB6209,3,3,2024_le_oial_all.pdf; 24_bg-odds.pdf; 24_bg_report.pdf,harvest_or_results; limited_entry_bonus,Moose,Ensign Ranches,Any Legal Weapon,True,True,False,True,True,HIGH,False,
MB6211,3,3,2024_le_oial_all.pdf; 24_bg-odds.pdf; 24_bg_report.pdf,harvest_or_results; limited_entry_bonus,Moose,Grass Valley/Clark Canyon,Any Legal Weapon,True,True,False,True,True,HIGH,False,
MB6217,3,3,2024_le_oial_all.pdf; 24_bg-odds.pdf; 24_bg_report.pdf,harvest_or_results; limited_entry_bonus,Moose,Sharp Mountain,Any Legal Weapon,True,True,False,True,True,HIGH,False,
MB6219,3,3,2024_le_oial_all.pdf; 24_bg-odds.pdf; 24_bg_report.pdf,harvest_or_results; limited_entry_bonus,Moose,Skull Crack,Any Legal Weapon,True,True,False,True,True,HIGH,False,
MB6220,3,3,2024_le_oial_all.pdf; 24_bg-odds.pdf; 24_bg_report.pdf,harvest_or_results; limited_entry_bonus,Moose,South Canyon,Any Legal Weapon,True,True,False,True,True,HIGH,False,
MB6222,3,3,2024_le_oial_all.pdf; 24_bg-odds.pdf; 24_bg_report.pdf,harvest_or_results; limited_entry_bonus,Moose,Strawberry Ridge,Any Legal Weapon,True,True,False,True,True,HIGH,False,
MB6223,3,3,2024_le_oial_all.pdf; 24_bg-odds.pdf; 24_bg_report.pdf,harvest_or_results; limited_entry_bonus,Moose,Three C,Any Legal Weapon,True,True,False,True,True,HIGH,False,
MB6224,3,3,2024_le_oial_all.pdf; 24_bg-odds.pdf; 24_bg_report.pdf,harvest_or_results; limited_entry_bonus,Moose,Two Bear,Any Legal Weapon,True,True,False,True,True,HIGH,False,
MB6240,3,3,2024_le_oial_all.pdf; 24_bg-odds.pdf; 24_bg_report.pdf,harvest_or_results; limited_entry_bonus,Moose,Chimney Rock,Any Legal Weapon,True,True,False,True,True,HIGH,False,
MB6251,3,3,2024_le_oial_all.pdf; 24_bg-odds.pdf; 24_bg_report.pdf,harvest_or_results; limited_entry_bonus,Moose,Hardscrabble,Any Legal Weapon,True,True,False,True,True,HIGH,False,
MB6254,3,3,2024_le_oial_all.pdf; 24_bg-odds.pdf; 24_bg_report.pdf,harvest_or_results; limited_entry_bonus,Moose,SJ Ranch,Any Legal Weapon,True,True,False,True,True,HIGH,False,
MB6256,3,3,2024_le_oial_all.pdf; 24_bg-odds.pdf; 24_bg_report.pdf,harvest_or_results; limited_entry_bonus,Moose,Woodruff Creek South,Any Legal Weapon,True,True,False,True,True,HIGH,False,
MB6258,3,3,2024_le_oial_all.pdf; 24_bg-odds.pdf; 24_bg_report.pdf,harvest_or_results; limited_entry_bonus,Moose,Jacob's Creek,Any Legal Weapon,True,True,False,True,True,HIGH,False,
MB6259,3,3,2024_le_oial_all.pdf; 24_bg-odds.pdf; 24_bg_report.pdf,harvest_or_results; limited_entry_bonus,Moose,Royal Ivory Outfitters,Any Legal Weapon,True,True,False,True,True,HIGH,False,
MB6266,3,3,2024_le_oial_all.pdf; 24_bg-odds.pdf; 24_bg_report.pdf,harvest_or_results; limited_entry_bonus,Moose,Weber Florence Creek/Stillman Creek,Any Legal Weapon,True,True,False,True,True,HIGH,False,
PB5000,3,3,2024_le_oial_all.pdf; 24_bg-odds.pdf; 24_bg_report.pdf,harvest_or_results; limited_entry_bonus,Pronghorn,Beaver,Archery,True,True,False,True,True,HIGH,False,
PB5001,3,3,2024_le_oial_all.pdf; 24_bg-odds.pdf; 24_bg_report.pdf,harvest_or_results; limited_entry_bonus,Pronghorn,"Book Cliffs, Bitter Creek",Archery,True,True,False,True,True,HIGH,False,
PB5002,3,3,2024_le_oial_all.pdf; 24_bg-odds.pdf; 24_bg_report.pdf,harvest_or_results; limited_entry_bonus,Pronghorn,"Book Cliffs, South",Archery,True,True,False,True,True,HIGH,False,
PB5003,3,3,2024_le_oial_all.pdf; 24_bg-odds.pdf; 24_bg_report.pdf,harvest_or_results; limited_entry_bonus,Pronghorn,"Box Elder, Promontory",Archery,True,True,False,True,True,HIGH,False,
PB5004,3,3,2024_le_oial_all.pdf; 24_bg-odds.pdf; 24_bg_report.pdf,harvest_or_results; limited_entry_bonus,Pronghorn,"Box Elder, Puddle Valley",Archery,True,True,False,True,True,HIGH,False,
PB5005,3,3,2024_le_oial_all.pdf; 24_bg-odds.pdf; 24_bg_report.pdf,harvest_or_results; limited_entry_bonus,Pronghorn,"Box Elder, Snowville",Archery,True,True,False,True,True,HIGH,False,
PB5006,3,3,2024_le_oial_all.pdf; 24_bg-odds.pdf; 24_bg_report.pdf,harvest_or_results; limited_entry_bonus,Pronghorn,"Box Elder, West",Archery,True,True,False,True,True,HIGH,False,
PB5008,3,3,2024_le_oial_all.pdf; 24_bg-odds.pdf; 24_bg_report.pdf,harvest_or_results; limited_entry_bonus,Pronghorn,"Fillmore, Oak Creek South",Archery,True,True,False,True,True,HIGH,False,
PB5009,3,3,2024_le_oial_all.pdf; 24_bg-odds.pdf; 24_bg_report.pdf,harvest_or_results; limited_entry_bonus,Pronghorn,"La Sal, Potash/South Cisco",Archery,True,True,False,True,True,HIGH,False,
PB5011,3,3,2024_le_oial_all.pdf; 24_bg-odds.pdf; 24_bg_report.pdf,harvest_or_results; limited_entry_bonus,Pronghorn,"Nine Mile, Anthro-Myton Bench",Archery,True,True,False,True,True,HIGH,False,
PB5012,3,3,2024_le_oial_all.pdf; 24_bg-odds.pdf; 24_bg_report.pdf,harvest_or_results; limited_entry_bonus,Pronghorn,"North Slope, Three Corners/West Daggett",Archery,True,True,False,True,True,HIGH,False,
PB5013,3,3,2024_le_oial_all.pdf; 24_bg-odds.pdf; 24_bg_report.pdf,harvest_or_results; limited_entry_bonus,Pronghorn,Pine Valley,Archery,True,True,False,True,True,HIGH,False,
PB5015,3,3,2024_le_oial_all.pdf; 24_bg-odds.pdf; 24_bg_report.pdf,harvest_or_results; limited_entry_bonus,Pronghorn,"San Rafael, North",Archery,True,True,False,True,True,HIGH,False,
PB5016,3,3,2024_le_oial_all.pdf; 24_bg-odds.pdf; 24_bg_report.pdf,harvest_or_results; limited_entry_bonus,Pronghorn,Diamond Mtn/Bonanza,Archery,True,True,False,True,True,HIGH,False,
PB5017,3,3,2024_le_oial_all.pdf; 24_bg-odds.pdf; 24_bg_report.pdf,harvest_or_results; limited_entry_bonus,Pronghorn,Vernal,Archery,True,True,False,True,True,HIGH,False,
PB5018,3,3,2024_le_oial_all.pdf; 24_bg-odds.pdf; 24_bg_report.pdf,harvest_or_results; limited_entry_bonus,Pronghorn,Southwest Desert,Archery,True,True,False,True,True,HIGH,False,
PB5019,3,3,2024_le_oial_all.pdf; 24_bg-odds.pdf; 24_bg_report.pdf,harvest_or_results; limited_entry_bonus,Pronghorn,"West Desert, Riverbed",Archery,True,True,False,True,True,HIGH,False,
PB5020,3,3,2024_le_oial_all.pdf; 24_bg-odds.pdf; 24_bg_report.pdf,harvest_or_results; limited_entry_bonus,Pronghorn,"West Desert, Rush Valley",Archery,True,True,False,True,True,HIGH,False,
PB5021,3,3,2024_le_oial_all.pdf; 24_bg-odds.pdf; 24_bg_report.pdf,harvest_or_results; limited_entry_bonus,Pronghorn,"West Desert, Snake Valley",Archery,True,True,False,True,True,HIGH,False,
PB5024,3,3,2024_le_oial_all.pdf; 24_bg-odds.pdf; 24_bg_report.pdf,harvest_or_results; limited_entry_bonus,Pronghorn,Southwest Desert,Muzzleloader,True,True,False,True,True,HIGH,False,
PB5025,2,2,2024_le_oial_all.pdf; 24_bg-odds.pdf,harvest_or_results; limited_entry_bonus,Pronghorn,Beaver,Any Legal Weapon,True,True,False,True,True,HIGH,False,
PB5026,3,3,2024_le_oial_all.pdf; 24_bg-odds.pdf; 24_bg_report.pdf,harvest_or_results; limited_entry_bonus,Pronghorn,"Book Cliffs, Bitter Creek",Any Legal Weapon,True,True,False,True,True,HIGH,False,
PB5027,3,3,2024_le_oial_all.pdf; 24_bg-odds.pdf; 24_bg_report.pdf,harvest_or_results; limited_entry_bonus,Pronghorn,"Book Cliffs, South",Any Legal Weapon,True,True,False,True,True,HIGH,False,
PB5028,3,3,2024_le_oial_all.pdf; 24_bg-odds.pdf; 24_bg_report.pdf,harvest_or_results; limited_entry_bonus,Pronghorn,"Box Elder, Promontory",Any Legal Weapon,True,True,False,True,True,HIGH,False,
PB5029,3,3,2024_le_oial_all.pdf; 24_bg-odds.pdf; 24_bg_report.pdf,harvest_or_results; limited_entry_bonus,Pronghorn,"Box Elder, Puddle Valley",Any Legal Weapon,True,True,False,True,True,HIGH,False,
PB5030,2,2,2024_le_oial_all.pdf; 24_bg-odds.pdf,harvest_or_results; limited_entry_bonus,Pronghorn,"Box Elder, Snowville",Any Legal Weapon,True,True,False,True,True,HIGH,False,
PB5031,3,3,2024_le_oial_all.pdf; 24_bg-odds.pdf; 24_bg_report.pdf,harvest_or_results; limited_entry_bonus,Pronghorn,"Box Elder, West",Any Legal Weapon,True,True,False,True,True,HIGH,False,
PB5033,3,3,2024_le_oial_all.pdf; 24_bg-odds.pdf; 24_bg_report.pdf,harvest_or_results; limited_entry_bonus,Pronghorn,"Fillmore, Oak Creek South",Any Legal Weapon,True,True,False,True,True,HIGH,False,
PB5034,3,3,2024_le_oial_all.pdf; 24_bg-odds.pdf; 24_bg_report.pdf,harvest_or_results; limited_entry_bonus,Pronghorn,Kaiparowits,Any Legal Weapon,True,True,False,True,True,HIGH,False,
PB5035,2,2,2024_le_oial_all.pdf; 24_bg-odds.pdf,harvest_or_results; limited_entry_bonus,Pronghorn,"La Sal, Potash/South Cisco",Any Legal Weapon,True,True,False,True,True,HIGH,False,
PB5037,3,3,2024_le_oial_all.pdf; 24_bg-odds.pdf; 24_bg_report.pdf,harvest_or_results; limited_entry_bonus,Pronghorn,"Nine Mile, Anthro-Myton Bench",Any Legal Weapon,True,True,False,True,True,HIGH,False,
PB5038,3,3,2024_le_oial_all.pdf; 24_bg-odds.pdf; 24_bg_report.pdf,harvest_or_results; limited_entry_bonus,Pronghorn,"Nine Mile, Range Creek",Any Legal Weapon,True,True,False,True,True,HIGH,False,
PB5039,3,3,2024_le_oial_all.pdf; 24_bg-odds.pdf; 24_bg_report.pdf,harvest_or_results; limited_entry_bonus,Pronghorn,"North Slope, Summit",Any Legal Weapon,True,True,False,True,True,HIGH,False,
PB5040,2,2,2024_le_oial_all.pdf; 24_bg-odds.pdf,harvest_or_results; limited_entry_bonus,Pronghorn,"North Slope, Three Corners/West Daggett",Any Legal Weapon,True,True,False,True,True,HIGH,False,
PB5041,3,3,2024_le_oial_all.pdf; 24_bg-odds.pdf; 24_bg_report.pdf,harvest_or_results; limited_entry_bonus,Pronghorn,"Panguitch Lake/Zion, North",Any Legal Weapon,True,True,False,True,True,HIGH,False,
PB5042,3,3,2024_le_oial_all.pdf; 24_bg-odds.pdf; 24_bg_report.pdf,harvest_or_results; limited_entry_bonus,Pronghorn,Pine Valley,Any Legal Weapon,True,True,False,True,True,HIGH,False,
PB5044,3,3,2024_le_oial_all.pdf; 24_bg-odds.pdf; 24_bg_report.pdf,harvest_or_results; limited_entry_bonus,Pronghorn,"San Juan, Hatch Point",Any Legal Weapon,True,True,False,True,True,HIGH,False,
PB5045,2,2,2024_le_oial_all.pdf; 24_bg-odds.pdf,harvest_or_results; limited_entry_bonus,Pronghorn,"San Rafael, Desert",Any Legal Weapon,True,True,False,True,True,HIGH,False,
PB5046,3,3,2024_le_oial_all.pdf; 24_bg-odds.pdf; 24_bg_report.pdf,harvest_or_results; limited_entry_bonus,Pronghorn,"San Rafael, North",Any Legal Weapon,True,True,False,True,True,HIGH,False,
PB5047,3,3,2024_le_oial_all.pdf; 24_bg-odds.pdf; 24_bg_report.pdf,harvest_or_results; limited_entry_bonus,Pronghorn,Diamond Mtn/Bonanza,Any Legal Weapon,True,True,False,True,True,HIGH,False,
PB5048,3,3,2024_le_oial_all.pdf; 24_bg-odds.pdf; 24_bg_report.pdf,harvest_or_results; limited_entry_bonus,Pronghorn,Vernal,Any Legal Weapon,True,True,False,True,True,HIGH,False,
PB5049,3,3,2024_le_oial_all.pdf; 24_bg-odds.pdf; 24_bg_report.pdf,harvest_or_results; limited_entry_bonus,Pronghorn,Southwest Desert,Any Legal Weapon,True,True,False,True,True,HIGH,False,
PB5050,2,2,2024_le_oial_all.pdf; 24_bg-odds.pdf,harvest_or_results; limited_entry_bonus,Pronghorn,"West Desert, Riverbed",Any Legal Weapon,True,True,False,True,True,HIGH,False,
PB5051,3,3,2024_le_oial_all.pdf; 24_bg-odds.pdf; 24_bg_report.pdf,harvest_or_results; limited_entry_bonus,Pronghorn,"West Desert, Rush Valley",Any Legal Weapon,True,True,False,True,True,HIGH,False,
PB5052,3,3,2024_le_oial_all.pdf; 24_bg-odds.pdf; 24_bg_report.pdf,harvest_or_results; limited_entry_bonus,Pronghorn,"West Desert, Snake Valley",Any Legal Weapon,True,True,False,True,True,HIGH,False,
PB5053,3,3,2024_le_oial_all.pdf; 24_bg-odds.pdf; 24_bg_report.pdf,harvest_or_results; limited_entry_bonus,Pronghorn,"Nine Mile, Range Creek",Archery,True,True,False,True,True,HIGH,False,
PB5054,3,3,2024_le_oial_all.pdf; 24_bg-odds.pdf; 24_bg_report.pdf,harvest_or_results; limited_entry_bonus,Pronghorn,"Panguitch Lake/Zion, North",Archery,True,True,False,True,True,HIGH,False,
PB5055,3,3,2024_le_oial_all.pdf; 24_bg-odds.pdf; 24_bg_report.pdf,harvest_or_results; limited_entry_bonus,Pronghorn,"San Rafael, Desert",Archery,True,True,False,True,True,HIGH,False,
PB5056,3,3,2024_le_oial_all.pdf; 24_bg-odds.pdf; 24_bg_report.pdf,harvest_or_results; limited_entry_bonus,Pronghorn,"San Rafael, North",Muzzleloader,True,True,False,True,True,HIGH,False,
PB5059,3,3,2024_le_oial_all.pdf; 24_bg-odds.pdf; 24_bg_report.pdf,harvest_or_results; limited_entry_bonus,Pronghorn,"Nine Mile, Anthro-Myton Bench",Muzzleloader,True,True,False,True,True,HIGH,False,
PB5060,3,3,2024_le_oial_all.pdf; 24_bg-odds.pdf; 24_bg_report.pdf,harvest_or_results; limited_entry_bonus,Pronghorn,Diamond Mtn/Bonanza,Muzzleloader,True,True,False,True,True,HIGH,False,
PB5061,3,3,2024_le_oial_all.pdf; 24_bg-odds.pdf; 24_bg_report.pdf,harvest_or_results; limited_entry_bonus,Pronghorn,"Panguitch Lake/Zion, North",Muzzleloader,True,True,False,True,True,HIGH,False,
PB5062,3,3,2024_le_oial_all.pdf; 24_bg-odds.pdf; 24_bg_report.pdf,harvest_or_results; limited_entry_bonus,Pronghorn,Pine Valley,Muzzleloader,True,True,False,True,True,HIGH,False,
PB5065,3,3,2024_le_oial_all.pdf; 24_bg-odds.pdf; 24_bg_report.pdf,harvest_or_results; limited_entry_bonus,Pronghorn,"Fillmore, Oak Creek South",Muzzleloader,True,True,False,True,True,HIGH,False,
PB5066,3,3,2024_le_oial_all.pdf; 24_bg-odds.pdf; 24_bg_report.pdf,harvest_or_results; limited_entry_bonus,Pronghorn,"North Slope, Three Corners/West Daggett",Muzzleloader,True,True,False,True,True,HIGH,False,
PB5072,3,3,2024_le_oial_all.pdf; 24_bg-odds.pdf; 24_bg_report.pdf,harvest_or_results; limited_entry_bonus,Pronghorn,Vernal,Muzzleloader,True,True,False,True,True,HIGH,False,
PB5073,3,3,2024_le_oial_all.pdf; 24_bg-odds.pdf; 24_bg_report.pdf,harvest_or_results; limited_entry_bonus,Pronghorn,"Cache, Rich",Any Legal Weapon,True,True,False,True,True,HIGH,False,
PB5074,3,3,2024_le_oial_all.pdf; 24_bg-odds.pdf; 24_bg_report.pdf,harvest_or_results; limited_entry_bonus,Pronghorn,"Cache, Rich",Archery,True,True,False,True,True,HIGH,False,
PB5075,3,3,2024_le_oial_all.pdf; 24_bg-odds.pdf; 24_bg_report.pdf,harvest_or_results; limited_entry_bonus,Pronghorn,"Cache, Rich",Muzzleloader,True,True,False,True,True,HIGH,False,
PB5076,3,3,2024_le_oial_all.pdf; 24_bg-odds.pdf; 24_bg_report.pdf,harvest_or_results; limited_entry_bonus,Pronghorn,Parker Mtn,Any Legal Weapon,True,True,False,True,True,HIGH,False,
PB5077,3,3,2024_le_oial_all.pdf; 24_bg-odds.pdf; 24_bg_report.pdf,harvest_or_results; limited_entry_bonus,Pronghorn,Parker Mtn,Archery,True,True,False,True,True,HIGH,False,
PB5078,3,3,2024_le_oial_all.pdf; 24_bg-odds.pdf; 24_bg_report.pdf,harvest_or_results; limited_entry_bonus,Pronghorn,Parker Mtn,Muzzleloader,True,True,False,True,True,HIGH,False,
PB5300,3,3,2024_le_oial_all.pdf; 24_bg-odds.pdf; 24_bg_report.pdf,harvest_or_results; limited_entry_bonus,Pronghorn,Antelope Creek,Any Legal Weapon,True,True,False,True,True,HIGH,False,
PB5302,3,3,2024_le_oial_all.pdf; 24_bg-odds.pdf; 24_bg_report.pdf,harvest_or_results; limited_entry_bonus,Pronghorn,Deseret,Any Legal Weapon,True,True,False,True,True,HIGH,False,
PB5305,3,3,2024_le_oial_all.pdf; 24_bg-odds.pdf; 24_bg_report.pdf,harvest_or_results; limited_entry_bonus,Pronghorn,Park Valley,Any Legal Weapon,True,True,False,True,True,HIGH,False,
PB5306,3,3,2024_le_oial_all.pdf; 24_bg-odds.pdf; 24_bg_report.pdf,harvest_or_results; limited_entry_bonus,Pronghorn,Rabbit Creek,Any Legal Weapon,True,True,False,True,True,HIGH,False,
PB5309,3,3,2024_le_oial_all.pdf; 24_bg-odds.pdf; 24_bg_report.pdf,harvest_or_results; limited_entry_bonus,Pronghorn,Skull Valley South,Any Legal Weapon,True,True,False,True,True,HIGH,False,
PB5311,3,3,2024_le_oial_all.pdf; 24_bg-odds.pdf; 24_bg_report.pdf,harvest_or_results; limited_entry_bonus,Pronghorn,The Rose of Snowville,Any Legal Weapon,True,True,False,True,True,HIGH,False,
PB5312,3,3,2024_le_oial_all.pdf; 24_bg-odds.pdf; 24_bg_report.pdf,harvest_or_results; limited_entry_bonus,Pronghorn,TL Bar Ranch,Any Legal Weapon,True,True,False,True,True,HIGH,False,
PB5314,3,3,2024_le_oial_all.pdf; 24_bg-odds.pdf; 24_bg_report.pdf,harvest_or_results; limited_entry_bonus,Pronghorn,Westlake,Any Legal Weapon,True,True,False,True,True,HIGH,False,
PB5315,3,3,2024_le_oial_all.pdf; 24_bg-odds.pdf; 24_bg_report.pdf,harvest_or_results; limited_entry_bonus,Pronghorn,Zane,Any Legal Weapon,True,True,False,True,True,HIGH,False,
PB5325,3,3,2024_le_oial_all.pdf; 24_bg-odds.pdf; 24_bg_report.pdf,harvest_or_results; limited_entry_bonus,Pronghorn,Allen Ranch,Any Legal Weapon,True,True,False,True,True,HIGH,False,
PB5326,3,3,2024_le_oial_all.pdf; 24_bg-odds.pdf; 24_bg_report.pdf,harvest_or_results; limited_entry_bonus,Pronghorn,Cedar Springs,Any Legal Weapon,True,True,False,True,True,HIGH,False,
PB5327,3,3,2024_le_oial_all.pdf; 24_bg-odds.pdf; 24_bg_report.pdf,harvest_or_results; limited_entry_bonus,Pronghorn,Cottonwood Ridge,Any Legal Weapon,True,True,False,True,True,HIGH,False,
PB5328,3,3,2024_le_oial_all.pdf; 24_bg-odds.pdf; 24_bg_report.pdf,harvest_or_results; limited_entry_bonus,Pronghorn,Pahvant Ensign,Any Legal Weapon,True,True,False,True,True,HIGH,False,
PB5329,3,3,2024_le_oial_all.pdf; 24_bg-odds.pdf; 24_bg_report.pdf,harvest_or_results; limited_entry_bonus,Pronghorn,Snowville Flat,Any Legal Weapon,True,True,False,True,True,HIGH,False,
PB5330,3,3,2024_le_oial_all.pdf; 24_bg-odds.pdf; 24_bg_report.pdf,harvest_or_results; limited_entry_bonus,Pronghorn,George Creek,Any Legal Weapon,True,True,False,True,True,HIGH,False,
PB5331,3,3,2024_le_oial_all.pdf; 24_bg-odds.pdf; 24_bg_report.pdf,harvest_or_results; limited_entry_bonus,Pronghorn,Mt Dutton/Paunsaugunt,Any Legal Weapon,True,True,False,True,True,HIGH,False,
PB5332,3,3,2024_le_oial_all.pdf; 24_bg-odds.pdf; 24_bg_report.pdf,harvest_or_results; limited_entry_bonus,Pronghorn,Mt Dutton/Paunsaugunt,Archery,True,True,False,True,True,HIGH,False,
PB5337,3,3,2024_le_oial_all.pdf; 24_bg-odds.pdf; 24_bg_report.pdf,harvest_or_results; limited_entry_bonus,Pronghorn,Heist,Any Legal Weapon,True,True,False,True,True,HIGH,False,
PB5339,3,3,2024_le_oial_all.pdf; 24_bg-odds.pdf; 24_bg_report.pdf,harvest_or_results; limited_entry_bonus,Pronghorn,Iron Spring,Any Legal Weapon,True,True,False,True,True,HIGH,False,
PB5342,3,3,2024_le_oial_all.pdf; 24_bg-odds.pdf; 24_bg_report.pdf,harvest_or_results; limited_entry_bonus,Pronghorn,Salt Wells,Any Legal Weapon,True,True,False,True,True,HIGH,False,
PB5345,3,3,2024_le_oial_all.pdf; 24_bg-odds.pdf; 24_bg_report.pdf,harvest_or_results; limited_entry_bonus,Pronghorn,Green River Flat,Any Legal Weapon,True,True,False,True,True,HIGH,False,
RS6701,3,3,2024_le_oial_all.pdf; 24_bg-odds.pdf; 24_bg_report.pdf,harvest_or_results; limited_entry_bonus,Rocky Mountain Bighorn Sheep,"Book Cliffs, South",Any Legal Weapon,True,True,False,True,True,HIGH,False,
RS6703,3,3,2024_le_oial_all.pdf; 24_bg-odds.pdf; 24_bg_report.pdf,harvest_or_results; limited_entry_bonus,Rocky Mountain Bighorn Sheep,"Box Elder, Newfoundland Mtn",Any Legal Weapon,True,True,False,True,True,HIGH,False,
RS6704,3,3,2024_le_oial_all.pdf; 24_bg-odds.pdf; 24_bg_report.pdf,harvest_or_results; limited_entry_bonus,Rocky Mountain Bighorn Sheep,"Box Elder, Newfoundland Mtn",Any Legal Weapon,True,True,False,True,True,HIGH,False,
RS6708,3,3,2024_le_oial_all.pdf; 24_bg-odds.pdf; 24_bg_report.pdf,harvest_or_results; limited_entry_bonus,Rocky Mountain Bighorn Sheep,"North Slope, Three Corners",Any Legal Weapon,True,True,False,True,True,HIGH,False,
RS6709,3,3,2024_le_oial_all.pdf; 24_bg-odds.pdf; 24_bg_report.pdf,harvest_or_results; limited_entry_bonus,Rocky Mountain Bighorn Sheep,"North Slope, Summit/West Daggett",Any Legal Weapon,True,True,False,True,True,HIGH,False,
RS6712,3,3,2024_le_oial_all.pdf; 24_bg-odds.pdf; 24_bg_report.pdf,harvest_or_results; limited_entry_bonus,Rocky Mountain Bighorn Sheep,"Nine Mile, Gray Canyon",Any Legal Weapon,True,True,False,True,True,HIGH,False,
RS6713,3,3,2024_le_oial_all.pdf; 24_bg-odds.pdf; 24_bg_report.pdf,harvest_or_results; limited_entry_bonus,Rocky Mountain Bighorn Sheep,"Nine Mile, Jack Creek",Any Legal Weapon,True,True,False,True,True,HIGH,False,
RS6720,3,3,2024_le_oial_all.pdf; 24_bg-odds.pdf; 24_bg_report.pdf,harvest_or_results; limited_entry_bonus,Rocky Mountain Bighorn Sheep,"Fillmore, Oak Creek",Any Legal Weapon,True,True,False,True,True,HIGH,False,
RS6721,3,3,2024_le_oial_all.pdf; 24_bg-odds.pdf; 24_bg_report.pdf,harvest_or_results; limited_entry_bonus,Rocky Mountain Bighorn Sheep,"Oquirrh-Stansbury, West",Any Legal Weapon,True,True,False,True,True,HIGH,False,
RS6722,3,3,2024_le_oial_all.pdf; 24_bg-odds.pdf; 24_bg_report.pdf,harvest_or_results; limited_entry_bonus,Rocky Mountain Bighorn Sheep,"Box Elder, Newfoundland Mtn",Archery,True,True,False,True,True,HIGH,False,
RS6724,3,3,2024_le_oial_all.pdf; 24_bg-odds.pdf; 24_bg_report.pdf,harvest_or_results; limited_entry_bonus,Rocky Mountain Bighorn Sheep,"Wasatch Mtns, West",Any Legal Weapon,True,True,False,True,True,HIGH,False,
RS6725,3,3,2024_le_oial_all.pdf; 24_bg-odds.pdf; 24_bg_report.pdf,harvest_or_results; limited_entry_bonus,Rocky Mountain Bighorn Sheep,Nebo,Any Legal Weapon,True,True,False,True,True,HIGH,False,
RS6726,3,3,2024_le_oial_all.pdf; 24_bg-odds.pdf; 24_bg_report.pdf,harvest_or_results; limited_entry_bonus,Rocky Mountain Bighorn Sheep,"Fillmore, Oak Creek",Any Legal Weapon,True,True,False,True,True,HIGH,False,
RS6727,3,3,2024_le_oial_all.pdf; 24_bg-odds.pdf; 24_bg_report.pdf,harvest_or_results; limited_entry_bonus,Rocky Mountain Bighorn Sheep,"Fillmore, Oak Creek",Archery,True,True,False,True,True,HIGH,False,
BI0001,1,1,2024_le_oial_all.pdf,harvest_or_results,,,,False,False,True,False,True,LOW,True,missing_core_metadata;no_draw_source;contains_medium_conf_rows
BI6530,3,3,2024_le_oial_all.pdf; 24_bg-odds.pdf; 24_bg_report.pdf,harvest_or_results; limited_entry_bonus,,,,False,False,True,True,True,LOW,True,missing_core_metadata;contains_medium_conf_rows
BI6538,1,1,24_bg_report.pdf,harvest_or_results,,,,False,False,True,False,False,LOW,True,missing_core_metadata;no_draw_source;no_harvest_source;contains_medium_conf_rows
BR1000,1,1,24-25_sportsman_odds.pdf,limited_entry_bonus,,,,False,False,True,True,False,LOW,True,missing_core_metadata;no_harvest_source;contains_medium_conf_rows
DA1044,4,4,2024_antlerless_hr.pdf; 24_antlerless_drawing_odds_report.pdf; 24_bg_report.pdf; 24_youth_antlerless_drawing_odds_report.pdf,antlerless_preference; harvest_or_results,,,,False,False,True,True,False,LOW,True,missing_core_metadata;no_harvest_source;contains_medium_conf_rows
DB1036,3,3,2024_le_oial_all.pdf; 24_bg-odds.pdf; 24_bg_report.pdf,harvest_or_results; limited_entry_bonus,,,,False,False,True,True,True,LOW,True,missing_core_metadata;contains_medium_conf_rows
DB1056,1,1,24_bg_report.pdf,harvest_or_results,Deer,Book Cliffs,Any Legal Weapon,True,True,False,False,False,LOW,True,no_draw_source;no_harvest_source
DB1059,3,3,2024_le_oial_all.pdf; 24_bg-odds.pdf; 24_bg_report.pdf,harvest_or_results; limited_entry_bonus,,,,False,False,True,True,True,LOW,True,missing_core_metadata;contains_medium_conf_rows
DB1075,1,1,24_bg_report.pdf,harvest_or_results,,,,False,False,True,False,False,LOW,True,missing_core_metadata;no_draw_source;no_harvest_source;contains_medium_conf_rows
DB1076,1,1,24_bg_report.pdf,harvest_or_results,,,,False,False,True,False,False,LOW,True,missing_core_metadata;no_draw_source;no_harvest_source;contains_medium_conf_rows
DB1082,3,3,2024_le_oial_all.pdf; 24_bg-odds.pdf; 24_bg_report.pdf,harvest_or_results; limited_entry_bonus,,,,False,False,True,True,True,LOW,True,missing_core_metadata;contains_medium_conf_rows
DB1088,3,3,2024_le_oial_all.pdf; 24_bg-odds.pdf; 24_bg_report.pdf,harvest_or_results; limited_entry_bonus,,,,False,False,True,True,True,LOW,True,missing_core_metadata;contains_medium_conf_rows
DB1089,3,3,2024_le_oial_all.pdf; 24_bg-odds.pdf; 24_bg_report.pdf,harvest_or_results; limited_entry_bonus,,,,False,False,True,True,True,LOW,True,missing_core_metadata;contains_medium_conf_rows
DB1094,3,3,2024_le_oial_all.pdf; 24_bg-odds.pdf; 24_bg_report.pdf,harvest_or_results; limited_entry_bonus,,,,False,False,True,True,True,LOW,True,missing_core_metadata;contains_medium_conf_rows
DB1276,3,3,2024_le_oial_all.pdf; 24_bg-odds.pdf; 24_bg_report.pdf,harvest_or_results; limited_entry_bonus,,,,False,False,True,True,True,LOW,True,missing_core_metadata;contains_medium_conf_rows
DB1307,2,2,2024_le_oial_all.pdf; 24_bg_report.pdf,harvest_or_results,,,,False,False,True,False,True,LOW,True,missing_core_metadata;no_draw_source;contains_medium_conf_rows
DB1338,3,3,2024_le_oial_all.pdf; 24_bg-odds.pdf; 24_bg_report.pdf,harvest_or_results; limited_entry_bonus,,,,False,False,True,True,True,LOW,True,missing_core_metadata;contains_medium_conf_rows
DB1500,5,5,2024_gs_buck_deer_hr.pdf; 24_bg_report.pdf; 24_deer_odds.pdf; 24_lifetime_deer.pdf; 24_youth_deer.pdf,general_season_deer; harvest_or_results; limited_entry_bonus; youth_misc,,,,False,False,True,True,True,LOW,True,missing_core_metadata;contains_medium_conf_rows
DB1515,5,5,2024_gs_buck_deer_hr.pdf; 24_bg_report.pdf; 24_deer_odds.pdf; 24_lifetime_deer.pdf; 24_youth_deer.pdf,general_season_deer; harvest_or_results; limited_entry_bonus; youth_misc,,,,False,False,True,True,True,LOW,True,missing_core_metadata;contains_medium_conf_rows
DB1520,5,5,2024_gs_buck_deer_hr.pdf; 24_bg_report.pdf; 24_deer_odds.pdf; 24_lifetime_deer.pdf; 24_youth_deer.pdf,general_season_deer; harvest_or_results; limited_entry_bonus; youth_misc,,,,False,False,True,True,True,LOW,True,missing_core_metadata;contains_medium_conf_rows
DB1527,5,5,2024_gs_buck_deer_hr.pdf; 24_bg_report.pdf; 24_deer_odds.pdf; 24_lifetime_deer.pdf; 24_youth_deer.pdf,general_season_deer; harvest_or_results; limited_entry_bonus; youth_misc,,,,False,False,True,True,True,LOW,True,missing_core_metadata;contains_medium_conf_rows
DB1528,5,5,2024_gs_buck_deer_hr.pdf; 24_bg_report.pdf; 24_deer_odds.pdf; 24_lifetime_deer.pdf; 24_youth_deer.pdf,general_season_deer; harvest_or_results; limited_entry_bonus; youth_misc,,,,False,False,True,True,True,LOW,True,missing_core_metadata;contains_medium_conf_rows
DB1530,5,5,2024_gs_buck_deer_hr.pdf; 24_bg_report.pdf; 24_deer_odds.pdf; 24_lifetime_deer.pdf; 24_youth_deer.pdf,general_season_deer; harvest_or_results; limited_entry_bonus; youth_misc,,,,False,False,True,True,True,LOW,True,missing_core_metadata;contains_medium_conf_rows
DB1532,5,5,2024_gs_buck_deer_hr.pdf; 24_bg_report.pdf; 24_deer_odds.pdf; 24_lifetime_deer.pdf; 24_youth_deer.pdf,general_season_deer; harvest_or_results; limited_entry_bonus; youth_misc,,,,False,False,True,True,True,LOW,True,missing_core_metadata;contains_medium_conf_rows
DB1545,5,5,2024_gs_buck_deer_hr.pdf; 24_bg_report.pdf; 24_deer_odds.pdf; 24_lifetime_deer.pdf; 24_youth_deer.pdf,general_season_deer; harvest_or_results; limited_entry_bonus; youth_misc,,,,False,False,True,True,True,LOW,True,missing_core_metadata;contains_medium_conf_rows
DB1548,5,5,2024_gs_buck_deer_hr.pdf; 24_bg_report.pdf; 24_deer_odds.pdf; 24_lifetime_deer.pdf; 24_youth_deer.pdf,general_season_deer; harvest_or_results; limited_entry_bonus; youth_misc,,,,False,False,True,True,True,LOW,True,missing_core_metadata;contains_medium_conf_rows
DB1550,5,5,2024_gs_buck_deer_hr.pdf; 24_bg_report.pdf; 24_deer_odds.pdf; 24_lifetime_deer.pdf; 24_youth_deer.pdf,general_season_deer; harvest_or_results; limited_entry_bonus; youth_misc,,,,False,False,True,True,True,LOW,True,missing_core_metadata;contains_medium_conf_rows
DB1557,5,5,2024_gs_buck_deer_hr.pdf; 24_bg_report.pdf; 24_deer_odds.pdf; 24_lifetime_deer.pdf; 24_youth_deer.pdf,general_season_deer; harvest_or_results; limited_entry_bonus; youth_misc,,,,False,False,True,True,True,LOW,True,missing_core_metadata;contains_medium_conf_rows
DB1558,5,5,2024_gs_buck_deer_hr.pdf; 24_bg_report.pdf; 24_deer_odds.pdf; 24_lifetime_deer.pdf; 24_youth_deer.pdf,general_season_deer; harvest_or_results; limited_entry_bonus; youth_misc,,,,False,False,True,True,True,LOW,True,missing_core_metadata;contains_medium_conf_rows
DB1560,5,5,2024_gs_buck_deer_hr.pdf; 24_bg_report.pdf; 24_deer_odds.pdf; 24_lifetime_deer.pdf; 24_youth_deer.pdf,general_season_deer; harvest_or_results; limited_entry_bonus; youth_misc,,,,False,False,True,True,True,LOW,True,missing_core_metadata;contains_medium_conf_rows
DB1562,5,5,2024_gs_buck_deer_hr.pdf; 24_bg_report.pdf; 24_deer_odds.pdf; 24_lifetime_deer.pdf; 24_youth_deer.pdf,general_season_deer; harvest_or_results; limited_entry_bonus; youth_misc,,,,False,False,True,True,True,LOW,True,missing_core_metadata;contains_medium_conf_rows
DB1575,5,5,2024_gs_buck_deer_hr.pdf; 24_bg_report.pdf; 24_deer_odds.pdf; 24_lifetime_deer.pdf; 24_youth_deer.pdf,general_season_deer; harvest_or_results; limited_entry_bonus; youth_misc,,,,False,False,True,True,True,LOW,True,missing_core_metadata;contains_medium_conf_rows
DB1578,5,5,2024_gs_buck_deer_hr.pdf; 24_bg_report.pdf; 24_deer_odds.pdf; 24_lifetime_deer.pdf; 24_youth_deer.pdf,general_season_deer; harvest_or_results; limited_entry_bonus; youth_misc,,,,False,False,True,True,True,LOW,True,missing_core_metadata;contains_medium_conf_rows
DB1580,5,5,2024_gs_buck_deer_hr.pdf; 24_bg_report.pdf; 24_deer_odds.pdf; 24_lifetime_deer.pdf; 24_youth_deer.pdf,general_season_deer; harvest_or_results; limited_entry_bonus; youth_misc,,,,False,False,True,True,True,LOW,True,missing_core_metadata;contains_medium_conf_rows
DB1587,5,5,2024_gs_buck_deer_hr.pdf; 24_bg_report.pdf; 24_deer_odds.pdf; 24_lifetime_deer.pdf; 24_youth_deer.pdf,general_season_deer; harvest_or_results; limited_entry_bonus; youth_misc,,,,False,False,True,True,True,LOW,True,missing_core_metadata;contains_medium_conf_rows
DB1588,5,5,2024_gs_buck_deer_hr.pdf; 24_bg_report.pdf; 24_deer_odds.pdf; 24_lifetime_deer.pdf; 24_youth_deer.pdf,general_season_deer; harvest_or_results; limited_entry_bonus; youth_misc,,,,False,False,True,True,True,LOW,True,missing_core_metadata;contains_medium_conf_rows
DB1769,4,4,2024_gs_buck_deer_hr.pdf; 24_bg_report.pdf; 24_dh_odds.pdf; 24_youth_dh_odds.pdf,harvest_or_results; limited_entry_bonus,,,,False,False,True,True,True,LOW,True,missing_core_metadata;contains_medium_conf_rows
DB1784,4,4,2024_gs_buck_deer_hr.pdf; 24_bg_report.pdf; 24_dh_odds.pdf; 24_youth_dh_odds.pdf,harvest_or_results; limited_entry_bonus,,,,False,False,True,True,True,LOW,True,missing_core_metadata;contains_medium_conf_rows
DB1789,3,3,2024_gs_buck_deer_hr.pdf; 24_bg_report.pdf; 24_dh_odds.pdf,harvest_or_results; limited_entry_bonus,,,,False,False,True,True,True,LOW,True,missing_core_metadata;contains_medium_conf_rows
DB1796,4,4,2024_gs_buck_deer_hr.pdf; 24_bg_report.pdf; 24_dh_odds.pdf; 24_youth_dh_odds.pdf,harvest_or_results; limited_entry_bonus,,,,False,False,True,True,True,LOW,True,missing_core_metadata;contains_medium_conf_rows
DB1797,3,3,2024_gs_buck_deer_hr.pdf; 24_bg_report.pdf; 24_dh_odds.pdf,harvest_or_results; limited_entry_bonus,,,,False,False,True,True,True,LOW,True,missing_core_metadata;contains_medium_conf_rows
DS1001,1,1,24_bg_report.pdf,harvest_or_results,,,,False,False,True,False,False,LOW,True,missing_core_metadata;no_draw_source;no_harvest_source;contains_medium_conf_rows
DS1003,1,1,24_bg_report.pdf,harvest_or_results,Desert Bighorn Sheep,"Kaiparowits, Escalante",Any Legal Weapon,True,True,False,False,False,LOW,True,no_draw_source;no_harvest_source
DS1005,1,1,24_bg_report.pdf,harvest_or_results,,,,False,False,True,False,False,LOW,True,missing_core_metadata;no_draw_source;no_harvest_source;contains_medium_conf_rows
DS1006,1,1,24_bg_report.pdf,harvest_or_results,Desert Bighorn Sheep,"Kaiparowits, West",Any Legal Weapon,True,True,False,False,False,LOW,True,no_draw_source;no_harvest_source
DS1007,1,1,24_bg_report.pdf,harvest_or_results,Desert Bighorn Sheep,"San Rafael, South",Any Legal Weapon,True,True,False,False,False,LOW,True,no_draw_source;no_harvest_source
DS6602,3,3,2024_le_oial_all.pdf; 24_bg-odds.pdf; 24_bg_report.pdf,harvest_or_results; limited_entry_bonus,,,,False,False,True,True,True,LOW,True,missing_core_metadata;contains_medium_conf_rows
DX1000,1,1,2024_gs_buck_deer_hr.pdf,harvest_or_results,,,,False,False,True,False,True,LOW,True,missing_core_metadata;no_draw_source;contains_medium_conf_rows
EA1040,4,4,2024_antlerless_hr.pdf; 24_antlerless_drawing_odds_report.pdf; 24_bg_report.pdf; 24_youth_antlerless_drawing_odds_report.pdf,antlerless_preference; harvest_or_results,,,,False,False,True,True,False,LOW,True,missing_core_metadata;no_harvest_source;contains_medium_conf_rows
EA1074,4,4,2024_antlerless_hr.pdf; 24_antlerless_drawing_odds_report.pdf; 24_bg_report.pdf; 24_youth_antlerless_drawing_odds_report.pdf,antlerless_preference; harvest_or_results,,,,False,False,True,True,False,LOW,True,missing_core_metadata;no_harvest_source;contains_medium_conf_rows
EA1116,4,4,2024_antlerless_hr.pdf; 24_antlerless_drawing_odds_report.pdf; 24_bg_report.pdf; 24_youth_antlerless_drawing_odds_report.pdf,antlerless_preference; harvest_or_results,,,,False,False,True,True,False,LOW,True,missing_core_metadata;no_harvest_source;contains_medium_conf_rows
EA1126,3,3,2024_antlerless_hr.pdf; 24_antlerless_drawing_odds_report.pdf; 24_bg_report.pdf,antlerless_preference; harvest_or_results,,,,False,False,True,True,False,LOW,True,missing_core_metadata;no_harvest_source;contains_medium_conf_rows
EA1176,4,4,2024_antlerless_hr.pdf; 24_antlerless_drawing_odds_report.pdf; 24_bg_report.pdf; 24_youth_antlerless_drawing_odds_report.pdf,antlerless_preference; harvest_or_results,,,,False,False,True,True,False,LOW,True,missing_core_metadata;no_harvest_source;contains_medium_conf_rows
EA1252,4,4,2024_antlerless_hr.pdf; 24_antlerless_drawing_odds_report.pdf; 24_bg_report.pdf; 24_youth_antlerless_drawing_odds_report.pdf,antlerless_preference; harvest_or_results,,,,False,False,True,True,False,LOW,True,missing_core_metadata;no_harvest_source;contains_medium_conf_rows
EA2000,1,1,2024_antlerless_hr.pdf,harvest_or_results,Elk,Antlerless Elk Control,Any Legal Weapon,True,True,False,False,False,LOW,True,no_draw_source;no_harvest_source
EA2002,2,2,2024_antlerless_hr.pdf; 24_bg_report.pdf,harvest_or_results,Elk,Morgan-South Rich,Any Legal Weapon,True,True,False,False,False,LOW,True,no_draw_source;no_harvest_source
EA2003,2,2,2024_antlerless_hr.pdf; 24_bg_report.pdf,harvest_or_results,Elk,East Canyon,Any Legal Weapon,True,True,False,False,False,LOW,True,no_draw_source;no_harvest_source
EA2004,2,2,2024_antlerless_hr.pdf; 24_bg_report.pdf,harvest_or_results,Elk,Chalk Creek,Any Legal Weapon,True,True,False,False,False,LOW,True,no_draw_source;no_harvest_source
EA2005,2,2,2024_antlerless_hr.pdf; 24_bg_report.pdf,harvest_or_results,Elk,"North Slope, West Daggett",Any Legal Weapon,True,True,False,False,False,LOW,True,no_draw_source;no_harvest_source
EA2006,2,2,2024_antlerless_hr.pdf; 24_bg_report.pdf,harvest_or_results,Elk,Yellowstone,Any Legal Weapon,True,True,False,False,False,LOW,True,no_draw_source;no_harvest_source
EA2008,2,2,2024_antlerless_hr.pdf; 24_bg_report.pdf,harvest_or_results,Elk,"Nine Mile, Anthro-Myton Bench",Any Legal Weapon,True,True,False,False,False,LOW,True,no_draw_source;no_harvest_source
EA2009,2,2,2024_antlerless_hr.pdf; 24_bg_report.pdf,harvest_or_results,Elk,La Sal Mtns,Any Legal Weapon,True,True,False,False,False,LOW,True,no_draw_source;no_harvest_source
EA2010,2,2,2024_antlerless_hr.pdf; 24_bg_report.pdf,harvest_or_results,Elk,San Juan,Any Legal Weapon,True,True,False,False,False,LOW,True,no_draw_source;no_harvest_source
EA2011,2,2,2024_antlerless_hr.pdf; 24_bg_report.pdf,harvest_or_results,Elk,Manti,Any Legal Weapon,True,True,False,False,False,LOW,True,no_draw_source;no_harvest_source
EA2012,2,2,2024_antlerless_hr.pdf; 24_bg_report.pdf,harvest_or_results,Elk,"Wasatch Mtns, West",Any Legal Weapon,True,True,False,False,False,LOW,True,no_draw_source;no_harvest_source
EA2013,2,2,2024_antlerless_hr.pdf; 24_bg_report.pdf,harvest_or_results,Elk,"Wasatch Mtns, Currant Creek",Any Legal Weapon,True,True,False,False,False,LOW,True,no_draw_source;no_harvest_source
EA2014,2,2,2024_antlerless_hr.pdf; 24_bg_report.pdf,harvest_or_results,Elk,"Wasatch Mtns, Avintaquin - White River",Any Legal Weapon,True,True,False,False,False,LOW,True,no_draw_source;no_harvest_source
EA2015,2,2,2024_antlerless_hr.pdf; 24_bg_report.pdf,harvest_or_results,Elk,Paunsaugunt,Any Legal Weapon,True,True,False,False,False,LOW,True,no_draw_source;no_harvest_source
EA2016,2,2,2024_antlerless_hr.pdf; 24_bg_report.pdf,harvest_or_results,Elk,Nebo,Any Legal Weapon,True,True,False,False,False,LOW,True,no_draw_source;no_harvest_source
EA2017,2,2,2024_antlerless_hr.pdf; 24_bg_report.pdf,harvest_or_results,Elk,Mt Dutton,Any Legal Weapon,True,True,False,False,False,LOW,True,no_draw_source;no_harvest_source
EA2018,2,2,2024_antlerless_hr.pdf; 24_bg_report.pdf,harvest_or_results,Elk,Panguitch Lake,Any Legal Weapon,True,True,False,False,False,LOW,True,no_draw_source;no_harvest_source
EA2019,2,2,2024_antlerless_hr.pdf; 24_bg_report.pdf,harvest_or_results,Elk,"West Desert, Tintic Valley",Any Legal Weapon,True,True,False,False,False,LOW,True,no_draw_source;no_harvest_source
EA2020,2,2,2024_antlerless_hr.pdf; 24_bg_report.pdf,harvest_or_results,Elk,Zion,Any Legal Weapon,True,True,False,False,False,LOW,True,no_draw_source;no_harvest_source
EA2021,2,2,2024_antlerless_hr.pdf; 24_bg_report.pdf,harvest_or_results,Elk,"Beaver, East",Any Legal Weapon,True,True,False,False,False,LOW,True,no_draw_source;no_harvest_source
EA2026,2,2,2024_antlerless_hr.pdf; 24_bg_report.pdf,harvest_or_results,Elk,"Box Elder, Hansel Mtn",Any Legal Weapon,True,True,False,False,False,LOW,True,no_draw_source;no_harvest_source
EA2027,2,2,2024_antlerless_hr.pdf; 24_bg_report.pdf,harvest_or_results,Elk,Cache,Any Legal Weapon,True,True,False,False,False,LOW,True,no_draw_source;no_harvest_source
EA2028,2,2,2024_antlerless_hr.pdf; 24_bg_report.pdf,harvest_or_results,Elk,Vernal/Bonanza,Any Legal Weapon,True,True,False,False,False,LOW,True,no_draw_source;no_harvest_source
EA2029,2,2,2024_antlerless_hr.pdf; 24_bg_report.pdf,harvest_or_results,Elk,"Nine Mile, Range Creek",Any Legal Weapon,True,True,False,False,False,LOW,True,no_draw_source;no_harvest_source
EA2030,2,2,2024_antlerless_hr.pdf; 24_bg_report.pdf,harvest_or_results,Elk,Diamond Mtn,Any Legal Weapon,True,True,False,False,False,LOW,True,no_draw_source;no_harvest_source
EA2039,2,2,2024_antlerless_hr.pdf; 24_bg_report.pdf,harvest_or_results,Elk,"Fillmore, Pahvant",Any Legal Weapon,True,True,False,False,False,LOW,True,no_draw_source;no_harvest_source
EA2040,2,2,2024_antlerless_hr.pdf; 24_bg_report.pdf,harvest_or_results,Elk,Kamas,Any Legal Weapon,True,True,False,False,False,LOW,True,no_draw_source;no_harvest_source
EB3001,2,2,2024_le_oial_all.pdf; 24_bg_report.pdf,harvest_or_results,,,,False,False,True,False,True,LOW,True,missing_core_metadata;no_draw_source;contains_medium_conf_rows
EB3026,2,2,2024_le_oial_all.pdf; 24_bg_report.pdf,harvest_or_results,,,,False,False,True,False,True,LOW,True,missing_core_metadata;no_draw_source;contains_medium_conf_rows
EB3040,2,2,2024_le_oial_all.pdf; 24_bg_report.pdf,harvest_or_results,,,,False,False,True,False,True,LOW,True,missing_core_metadata;no_draw_source;contains_medium_conf_rows
EB3078,2,2,2024_le_oial_all.pdf; 24_bg_report.pdf,harvest_or_results,,,,False,False,True,False,True,LOW,True,missing_core_metadata;no_draw_source;contains_medium_conf_rows
EB3109,2,2,2024_le_oial_all.pdf; 24_bg_report.pdf,harvest_or_results,,,,False,False,True,False,True,LOW,True,missing_core_metadata;no_draw_source;contains_medium_conf_rows
EB3563,2,2,2024_le_oial_all.pdf; 24_bg_report.pdf,harvest_or_results,,,,False,False,True,False,True,LOW,True,missing_core_metadata;no_draw_source;contains_medium_conf_rows
EB3616,3,3,2024_le_oial_all.pdf; 24_bg-odds.pdf; 24_bg_report.pdf,harvest_or_results; limited_entry_bonus,,,,False,False,True,True,True,LOW,True,missing_core_metadata;contains_medium_conf_rows
LD0001,1,1,24_bg_report.pdf,harvest_or_results,,,,False,False,True,False,False,LOW,True,missing_core_metadata;no_draw_source;no_harvest_source;contains_medium_conf_rows
LD0003,1,1,24_bg_report.pdf,harvest_or_results,,,,False,False,True,False,False,LOW,True,missing_core_metadata;no_draw_source;no_harvest_source;contains_medium_conf_rows
LD0004,1,1,24_bg_report.pdf,harvest_or_results,,,,False,False,True,False,False,LOW,True,missing_core_metadata;no_draw_source;no_harvest_source;contains_medium_conf_rows
LD0005,1,1,24_bg_report.pdf,harvest_or_results,,,,False,False,True,False,False,LOW,True,missing_core_metadata;no_draw_source;no_harvest_source;contains_medium_conf_rows
LD0007,1,1,24_bg_report.pdf,harvest_or_results,,,,False,False,True,False,False,LOW,True,missing_core_metadata;no_draw_source;no_harvest_source;contains_medium_conf_rows
LE0001,1,1,24_bg_report.pdf,harvest_or_results,,,,False,False,True,False,False,LOW,True,missing_core_metadata;no_draw_source;no_harvest_source;contains_medium_conf_rows
LE0002,1,1,24_bg_report.pdf,harvest_or_results,,,,False,False,True,False,False,LOW,True,missing_core_metadata;no_draw_source;no_harvest_source;contains_medium_conf_rows
LE0003,1,1,24_bg_report.pdf,harvest_or_results,,,,False,False,True,False,False,LOW,True,missing_core_metadata;no_draw_source;no_harvest_source;contains_medium_conf_rows
LE0004,1,1,24_bg_report.pdf,harvest_or_results,,,,False,False,True,False,False,LOW,True,missing_core_metadata;no_draw_source;no_harvest_source;contains_medium_conf_rows
LE0005,1,1,24_bg_report.pdf,harvest_or_results,,,,False,False,True,False,False,LOW,True,missing_core_metadata;no_draw_source;no_harvest_source;contains_medium_conf_rows
LE0006,1,1,24_bg_report.pdf,harvest_or_results,,,,False,False,True,False,False,LOW,True,missing_core_metadata;no_draw_source;no_harvest_source;contains_medium_conf_rows
LE0007,1,1,24_bg_report.pdf,harvest_or_results,,,,False,False,True,False,False,LOW,True,missing_core_metadata;no_draw_source;no_harvest_source;contains_medium_conf_rows
LE0008,1,1,24_bg_report.pdf,harvest_or_results,,,,False,False,True,False,False,LOW,True,missing_core_metadata;no_draw_source;no_harvest_source;contains_medium_conf_rows
LE0009,1,1,24_bg_report.pdf,harvest_or_results,,,,False,False,True,False,False,LOW,True,missing_core_metadata;no_draw_source;no_harvest_source;contains_medium_conf_rows
LE0011,1,1,24_bg_report.pdf,harvest_or_results,,,,False,False,True,False,False,LOW,True,missing_core_metadata;no_draw_source;no_harvest_source;contains_medium_conf_rows
LE0013,1,1,24_bg_report.pdf,harvest_or_results,,,,False,False,True,False,False,LOW,True,missing_core_metadata;no_draw_source;no_harvest_source;contains_medium_conf_rows
LE0014,1,1,24_bg_report.pdf,harvest_or_results,,,,False,False,True,False,False,LOW,True,missing_core_metadata;no_draw_source;no_harvest_source;contains_medium_conf_rows
LE0015,1,1,24_bg_report.pdf,harvest_or_results,,,,False,False,True,False,False,LOW,True,missing_core_metadata;no_draw_source;no_harvest_source;contains_medium_conf_rows
LE0016,1,1,24_bg_report.pdf,harvest_or_results,,,,False,False,True,False,False,LOW,True,missing_core_metadata;no_draw_source;no_harvest_source;contains_medium_conf_rows
LE0017,1,1,24_bg_report.pdf,harvest_or_results,,,,False,False,True,False,False,LOW,True,missing_core_metadata;no_draw_source;no_harvest_source;contains_medium_conf_rows
LE0018,1,1,24_bg_report.pdf,harvest_or_results,,,,False,False,True,False,False,LOW,True,missing_core_metadata;no_draw_source;no_harvest_source;contains_medium_conf_rows
LE0029,1,1,24_bg_report.pdf,harvest_or_results,,,,False,False,True,False,False,LOW,True,missing_core_metadata;no_draw_source;no_harvest_source;contains_medium_conf_rows
LP0001,1,1,24_bg_report.pdf,harvest_or_results,,,,False,False,True,False,False,LOW,True,missing_core_metadata;no_draw_source;no_harvest_source;contains_medium_conf_rows
LP0002,1,1,24_bg_report.pdf,harvest_or_results,,,,False,False,True,False,False,LOW,True,missing_core_metadata;no_draw_source;no_harvest_source;contains_medium_conf_rows
LP0003,1,1,24_bg_report.pdf,harvest_or_results,,,,False,False,True,False,False,LOW,True,missing_core_metadata;no_draw_source;no_harvest_source;contains_medium_conf_rows
MA1006,3,3,2024_antlerless_hr.pdf; 24_antlerless_drawing_odds_report.pdf; 24_bg_report.pdf,antlerless_preference; harvest_or_results,,,,False,False,True,True,False,LOW,True,missing_core_metadata;no_harvest_source;contains_medium_conf_rows
MB6263,3,3,2024_le_oial_all.pdf; 24_bg-odds.pdf; 24_bg_report.pdf,harvest_or_results; limited_entry_bonus,,,,False,False,True,True,True,LOW,True,missing_core_metadata;contains_medium_conf_rows
MB6264,3,3,2024_le_oial_all.pdf; 24_bg-odds.pdf; 24_bg_report.pdf,harvest_or_results; limited_entry_bonus,,,,False,False,True,True,True,LOW,True,missing_core_metadata;contains_medium_conf_rows
MB6265,3,3,2024_le_oial_all.pdf; 24_bg-odds.pdf; 24_bg_report.pdf,harvest_or_results; limited_entry_bonus,,,,False,False,True,True,True,LOW,True,missing_core_metadata;contains_medium_conf_rows
PB5032,2,2,2024_le_oial_all.pdf; 24_bg_report.pdf,harvest_or_results,,,,False,False,True,False,True,LOW,True,missing_core_metadata;no_draw_source;contains_medium_conf_rows
PB5313,3,3,2024_le_oial_all.pdf; 24_bg-odds.pdf; 24_bg_report.pdf,harvest_or_results; limited_entry_bonus,,,,False,False,True,True,True,LOW,True,missing_core_metadata;contains_medium_conf_rows
PB5341,3,3,2024_le_oial_all.pdf; 24_bg-odds.pdf; 24_bg_report.pdf,harvest_or_results; limited_entry_bonus,,,,False,False,True,True,True,LOW,True,missing_core_metadata;contains_medium_conf_rows
PD1006,4,4,2024_antlerless_hr.pdf; 24_antlerless_drawing_odds_report.pdf; 24_bg_report.pdf; 24_youth_antlerless_drawing_odds_report.pdf,antlerless_preference; harvest_or_results,,,,False,False,True,True,False,LOW,True,missing_core_metadata;no_harvest_source;contains_medium_conf_rows
PD1014,1,1,24_bg_report.pdf,harvest_or_results,,,,False,False,True,False,False,LOW,True,missing_core_metadata;no_draw_source;no_harvest_source;contains_medium_conf_rows
PD1032,4,4,2024_antlerless_hr.pdf; 24_antlerless_drawing_odds_report.pdf; 24_bg_report.pdf; 24_youth_antlerless_drawing_odds_report.pdf,antlerless_preference; harvest_or_results,,,,False,False,True,True,False,LOW,True,missing_core_metadata;no_harvest_source;contains_medium_conf_rows
PD1041,2,2,2024_antlerless_hr.pdf; 24_bg_report.pdf,harvest_or_results,Pronghorn,Heist,Any Legal Weapon,True,True,False,False,False,LOW,True,no_draw_source;no_harvest_source
PD1045,3,3,2024_antlerless_hr.pdf; 24_antlerless_drawing_odds_report.pdf; 24_youth_antlerless_drawing_odds_report.pdf,antlerless_preference; harvest_or_results,,,,False,False,True,True,False,LOW,True,missing_core_metadata;no_harvest_source;contains_medium_conf_rows
PD1046,4,4,2024_antlerless_hr.pdf; 24_antlerless_drawing_odds_report.pdf; 24_bg_report.pdf; 24_youth_antlerless_drawing_odds_report.pdf,antlerless_preference; harvest_or_results,,,,False,False,True,True,False,LOW,True,missing_core_metadata;no_harvest_source;contains_medium_conf_rows
RS1001,1,1,24_bg_report.pdf,harvest_or_results,Rocky Mountain Bighorn Sheep,"Book Cliffs, South",Any Legal Weapon,True,True,False,False,False,LOW,True,no_draw_source;no_harvest_source
RS1002,1,1,24_bg_report.pdf,harvest_or_results,,,,False,False,True,False,False,LOW,True,missing_core_metadata;no_draw_source;no_harvest_source;contains_medium_conf_rows
RS1003,1,1,24_bg_report.pdf,harvest_or_results,Rocky Mountain Bighorn Sheep,"Box Elder, Newfoundland Mtn",Any Legal Weapon,True,True,False,False,False,LOW,True,no_draw_source;no_harvest_source
RS1004,1,1,24_bg_report.pdf,harvest_or_results,,,,False,False,True,False,False,LOW,True,missing_core_metadata;no_draw_source;no_harvest_source;contains_medium_conf_rows
RS1005,1,1,24_bg_report.pdf,harvest_or_results,,,,False,False,True,False,False,LOW,True,missing_core_metadata;no_draw_source;no_harvest_source;contains_medium_conf_rows
RS1006,1,1,24_bg_report.pdf,harvest_or_results,Rocky Mountain Bighorn Sheep,"Nine Mile, Gray Canyon",Any Legal Weapon,True,True,False,False,False,LOW,True,no_draw_source;no_harvest_source
TK0001,1,1,24-25_sportsman_odds.pdf,limited_entry_bonus,,,,False,False,True,True,False,LOW,True,missing_core_metadata;no_harvest_source;contains_medium_conf_rows
BI1000,1,1,24-25_sportsman_odds.pdf,limited_entry_bonus,Bison,Bison - Statewide Permit,Any Legal Weapon,True,True,False,True,False,MEDIUM,False,no_harvest_source
BI6527,2,2,2024_le_oial_all.pdf; 24_bg_report.pdf,harvest_or_results,Bison,Nine Mile,Any Legal Weapon,True,True,False,False,True,MEDIUM,False,no_draw_source
BI6531,1,1,24_bg-odds.pdf,limited_entry_bonus,Bison,"Book Cliffs, Little Creek/South",Any Legal Weapon,True,True,False,True,False,MEDIUM,False,no_harvest_source
DA1001,4,4,2024_antlerless_hr.pdf; 24_antlerless_drawing_odds_report.pdf; 24_bg_report.pdf; 24_youth_antlerless_drawing_odds_report.pdf,antlerless_preference; harvest_or_results,Deer,"Box Elder, West Bear River",Any Legal Weapon,True,True,False,True,False,MEDIUM,False,no_harvest_source
DA1002,4,4,2024_antlerless_hr.pdf; 24_antlerless_drawing_odds_report.pdf; 24_bg_report.pdf; 24_youth_antlerless_drawing_odds_report.pdf,antlerless_preference; harvest_or_results,Deer,"Box Elder, West Bear River",Any Legal Weapon,True,True,False,True,False,MEDIUM,False,no_harvest_source
DA1003,4,4,2024_antlerless_hr.pdf; 24_antlerless_drawing_odds_report.pdf; 24_bg_report.pdf; 24_youth_antlerless_drawing_odds_report.pdf,antlerless_preference; harvest_or_results,Deer,"Monroe/Plateau, Sevier Valley","Archery, Muzzleloader, Shotgun",True,True,False,True,False,MEDIUM,False,no_harvest_source
DA1009,4,4,2024_antlerless_hr.pdf; 24_antlerless_drawing_odds_report.pdf; 24_bg_report.pdf; 24_youth_antlerless_drawing_odds_report.pdf,antlerless_preference; harvest_or_results,Deer,"Pine Valley, Enterprise",Any Legal Weapon,True,True,False,True,False,MEDIUM,False,no_harvest_source
DA1011,4,4,2024_antlerless_hr.pdf; 24_antlerless_drawing_odds_report.pdf; 24_bg_report.pdf; 24_youth_antlerless_drawing_odds_report.pdf,antlerless_preference; harvest_or_results,Deer,George Creek,Any Legal Weapon,True,True,False,True,False,MEDIUM,False,no_harvest_source
DA1012,4,4,2024_antlerless_hr.pdf; 24_antlerless_drawing_odds_report.pdf; 24_bg_report.pdf; 24_youth_antlerless_drawing_odds_report.pdf,antlerless_preference; harvest_or_results,Deer,Junction Valley,Any Legal Weapon,True,True,False,True,False,MEDIUM,False,no_harvest_source
DA1013,4,4,2024_antlerless_hr.pdf; 24_antlerless_drawing_odds_report.pdf; 24_bg_report.pdf; 24_youth_antlerless_drawing_odds_report.pdf,antlerless_preference; harvest_or_results,Deer,Mt Carmel,Any Legal Weapon,True,True,False,True,False,MEDIUM,False,no_harvest_source
DA1018,4,4,2024_antlerless_hr.pdf; 24_antlerless_drawing_odds_report.pdf; 24_bg_report.pdf; 24_youth_antlerless_drawing_odds_report.pdf,antlerless_preference; harvest_or_results,Deer,"Pine Valley, New Harmony","Archery, Muzzleloader, Shotgun",True,True,False,True,False,MEDIUM,False,no_harvest_source
DA1027,4,4,2024_antlerless_hr.pdf; 24_antlerless_drawing_odds_report.pdf; 24_bg_report.pdf; 24_youth_antlerless_drawing_odds_report.pdf,antlerless_preference; harvest_or_results,Deer,"East Canyon, Davis-North Salt Lake",Any Legal Weapon,True,True,False,True,False,MEDIUM,False,no_harvest_source
DA1030,4,4,2024_antlerless_hr.pdf; 24_antlerless_drawing_odds_report.pdf; 24_bg_report.pdf; 24_youth_antlerless_drawing_odds_report.pdf,antlerless_preference; harvest_or_results,Deer,"Nine Mile, Price River Valley",Archery,True,True,False,True,False,MEDIUM,False,no_harvest_source
DA1031,4,4,2024_antlerless_hr.pdf; 24_antlerless_drawing_odds_report.pdf; 24_bg_report.pdf; 24_youth_antlerless_drawing_odds_report.pdf,antlerless_preference; harvest_or_results,Deer,"Oquirrh-Stansbury, Settlement Cyn",Archery,True,True,False,True,False,MEDIUM,False,no_harvest_source
DA1033,4,4,2024_antlerless_hr.pdf; 24_antlerless_drawing_odds_report.pdf; 24_bg_report.pdf; 24_youth_antlerless_drawing_odds_report.pdf,antlerless_preference; harvest_or_results,Deer,"San Juan, Monticello",Archery,True,True,False,True,False,MEDIUM,False,no_harvest_source
DA1041,4,4,2024_antlerless_hr.pdf; 24_antlerless_drawing_odds_report.pdf; 24_bg_report.pdf; 24_youth_antlerless_drawing_odds_report.pdf,antlerless_preference; harvest_or_results,Deer,"Nine Mile, Green River Valley",Any Legal Weapon,True,True,False,True,False,MEDIUM,False,no_harvest_source
DA1042,4,4,2024_antlerless_hr.pdf; 24_antlerless_drawing_odds_report.pdf; 24_bg_report.pdf; 24_youth_antlerless_drawing_odds_report.pdf,antlerless_preference; harvest_or_results,Deer,"San Juan, Monticello",Archery,True,True,False,True,False,MEDIUM,False,no_harvest_source
DA1045,4,4,2024_antlerless_hr.pdf; 24_antlerless_drawing_odds_report.pdf; 24_bg_report.pdf; 24_youth_antlerless_drawing_odds_report.pdf,antlerless_preference; harvest_or_results,Deer,"Fillmore, Oak City",Archery,True,True,False,True,False,MEDIUM,False,no_harvest_source
DA1046,4,4,2024_antlerless_hr.pdf; 24_antlerless_drawing_odds_report.pdf; 24_bg_report.pdf; 24_youth_antlerless_drawing_odds_report.pdf,antlerless_preference; harvest_or_results,Deer,"Nine Mile, Price River Valley","Archery, Muzzleloader, Shotgun",True,True,False,True,False,MEDIUM,False,no_harvest_source
DA1047,4,4,2024_antlerless_hr.pdf; 24_antlerless_drawing_odds_report.pdf; 24_bg_report.pdf; 24_youth_antlerless_drawing_odds_report.pdf,antlerless_preference; harvest_or_results,Deer,Vernal-Ouray Valley,Any Legal Weapon,True,True,False,True,False,MEDIUM,False,no_harvest_source
DA1048,4,4,2024_antlerless_hr.pdf; 24_antlerless_drawing_odds_report.pdf; 24_bg_report.pdf; 24_youth_antlerless_drawing_odds_report.pdf,antlerless_preference; harvest_or_results,Deer,Fillmore City,Archery,True,True,False,True,False,MEDIUM,False,no_harvest_source
DA1049,4,4,2024_antlerless_hr.pdf; 24_antlerless_drawing_odds_report.pdf; 24_bg_report.pdf; 24_youth_antlerless_drawing_odds_report.pdf,antlerless_preference; harvest_or_results,Deer,"Vernal, Ashley Valley",Archery,True,True,False,True,False,MEDIUM,False,no_harvest_source
DA1050,4,4,2024_antlerless_hr.pdf; 24_antlerless_drawing_odds_report.pdf; 24_bg_report.pdf; 24_youth_antlerless_drawing_odds_report.pdf,antlerless_preference; harvest_or_results,Deer,The Rose of Snowville,Any Legal Weapon,True,True,False,True,False,MEDIUM,False,no_harvest_source
DB0007,1,1,24-25_sportsman_odds.pdf,limited_entry_bonus,Deer,Buck Deer - Statewide Permit,Any Legal Weapon,True,True,False,True,False,MEDIUM,False,no_harvest_source
DB0009,2,2,2024_le_oial_all.pdf; 24_bg_report.pdf,harvest_or_results,Deer,Antelope Island,Any Legal Weapon,True,True,False,False,True,MEDIUM,False,no_draw_source
DB1205,1,1,24_bg-odds.pdf,limited_entry_bonus,Deer,Bar J Ranch,Any Legal Weapon,True,True,False,True,False,MEDIUM,False,no_harvest_source
DB1258,2,2,2024_le_oial_all.pdf; 24_bg_report.pdf,harvest_or_results,Deer,Little Red Creek,Any Legal Weapon,True,True,False,False,True,MEDIUM,False,no_draw_source
DB1323,2,2,2024_le_oial_all.pdf; 24_bg_report.pdf,harvest_or_results,Deer,Rock House,Any Legal Weapon,True,True,False,False,True,MEDIUM,False,no_draw_source
DB1774,2,2,2024_gs_buck_deer_hr.pdf; 24_bg_report.pdf,harvest_or_results,Deer,Chalk Creek/East Canyon/Morgan-South Rich,Dedicated Hunter,True,True,False,False,True,MEDIUM,False,no_draw_source
DS1000,1,1,24-25_sportsman_odds.pdf,limited_entry_bonus,Desert Bighorn Sheep,Desert Bighorn Sheep - Statewide Permit,Any Legal Weapon,True,True,False,True,False,MEDIUM,False,no_harvest_source
EA1010,4,4,2024_antlerless_hr.pdf; 24_antlerless_drawing_odds_report.pdf; 24_bg_report.pdf; 24_youth_antlerless_drawing_odds_report.pdf,antlerless_preference; harvest_or_results,Elk,"Cache, Rich",Any Legal Weapon,True,True,False,True,False,MEDIUM,False,no_harvest_source
EA1011,4,4,2024_antlerless_hr.pdf; 24_antlerless_drawing_odds_report.pdf; 24_bg_report.pdf; 24_youth_antlerless_drawing_odds_report.pdf,antlerless_preference; harvest_or_results,Elk,"Cache, Richards Hollow",Any Legal Weapon,True,True,False,True,False,MEDIUM,False,no_harvest_source
EA1012,4,4,2024_antlerless_hr.pdf; 24_antlerless_drawing_odds_report.pdf; 24_bg_report.pdf; 24_youth_antlerless_drawing_odds_report.pdf,antlerless_preference; harvest_or_results,Elk,"Cache, Richmond Hyde Park",Any Legal Weapon,True,True,False,True,False,MEDIUM,False,no_harvest_source
EA1013,4,4,2024_antlerless_hr.pdf; 24_antlerless_drawing_odds_report.pdf; 24_bg_report.pdf; 24_youth_antlerless_drawing_odds_report.pdf,antlerless_preference; harvest_or_results,Elk,"Manti, Central",Any Legal Weapon,True,True,False,True,False,MEDIUM,False,no_harvest_source
EA1015,4,4,2024_antlerless_hr.pdf; 24_antlerless_drawing_odds_report.pdf; 24_bg_report.pdf; 24_youth_antlerless_drawing_odds_report.pdf,antlerless_preference; harvest_or_results,Elk,"Manti, Ferron Canyon",Any Legal Weapon,True,True,False,True,False,MEDIUM,False,no_harvest_source
EA1017,4,4,2024_antlerless_hr.pdf; 24_antlerless_drawing_odds_report.pdf; 24_bg_report.pdf; 24_youth_antlerless_drawing_odds_report.pdf,antlerless_preference; harvest_or_results,Elk,"Manti, Gordon Creek-Price Canyon",Any Legal Weapon,True,True,False,True,False,MEDIUM,False,no_harvest_source
EA1018,4,4,2024_antlerless_hr.pdf; 24_antlerless_drawing_odds_report.pdf; 24_bg_report.pdf; 24_youth_antlerless_drawing_odds_report.pdf,antlerless_preference; harvest_or_results,Elk,"Manti, Horn Mtn",Any Legal Weapon,True,True,False,True,False,MEDIUM,False,no_harvest_source
EA1020,4,4,2024_antlerless_hr.pdf; 24_antlerless_drawing_odds_report.pdf; 24_bg_report.pdf; 24_youth_antlerless_drawing_odds_report.pdf,antlerless_preference; harvest_or_results,Elk,"Manti, Mohrland-Stump Flat",Any Legal Weapon,True,True,False,True,False,MEDIUM,False,no_harvest_source
EA1021,4,4,2024_antlerless_hr.pdf; 24_antlerless_drawing_odds_report.pdf; 24_bg_report.pdf; 24_youth_antlerless_drawing_odds_report.pdf,antlerless_preference; harvest_or_results,Elk,Nebo,Any Legal Weapon,True,True,False,True,False,MEDIUM,False,no_harvest_source
EA1022,4,4,2024_antlerless_hr.pdf; 24_antlerless_drawing_odds_report.pdf; 24_bg_report.pdf; 24_youth_antlerless_drawing_odds_report.pdf,antlerless_preference; harvest_or_results,Elk,"Manti, North",Any Legal Weapon,True,True,False,True,False,MEDIUM,False,no_harvest_source
EA1023,4,4,2024_antlerless_hr.pdf; 24_antlerless_drawing_odds_report.pdf; 24_bg_report.pdf; 24_youth_antlerless_drawing_odds_report.pdf,antlerless_preference; harvest_or_results,Elk,"Manti, South",Any Legal Weapon,True,True,False,True,False,MEDIUM,False,no_harvest_source
EA1024,4,4,2024_antlerless_hr.pdf; 24_antlerless_drawing_odds_report.pdf; 24_bg_report.pdf; 24_youth_antlerless_drawing_odds_report.pdf,antlerless_preference; harvest_or_results,Elk,"Manti, South",Any Legal Weapon,True,True,False,True,False,MEDIUM,False,no_harvest_source
EA1025,4,4,2024_antlerless_hr.pdf; 24_antlerless_drawing_odds_report.pdf; 24_bg_report.pdf; 24_youth_antlerless_drawing_odds_report.pdf,antlerless_preference; harvest_or_results,Elk,"Manti, West",Any Legal Weapon,True,True,False,True,False,MEDIUM,False,no_harvest_source
EA1026,4,4,2024_antlerless_hr.pdf; 24_antlerless_drawing_odds_report.pdf; 24_bg_report.pdf; 24_youth_antlerless_drawing_odds_report.pdf,antlerless_preference; harvest_or_results,Elk,Chalk Creek,Any Legal Weapon,True,True,False,True,False,MEDIUM,False,no_harvest_source
EA1030,4,4,2024_antlerless_hr.pdf; 24_antlerless_drawing_odds_report.pdf; 24_bg_report.pdf; 24_youth_antlerless_drawing_odds_report.pdf,antlerless_preference; harvest_or_results,Elk,"Fillmore, Pahvant",Any Legal Weapon,True,True,False,True,False,MEDIUM,False,no_harvest_source
EA1031,4,4,2024_antlerless_hr.pdf; 24_antlerless_drawing_odds_report.pdf; 24_bg_report.pdf; 24_youth_antlerless_drawing_odds_report.pdf,antlerless_preference; harvest_or_results,Elk,"Fillmore, Pahvant",Any Legal Weapon,True,True,False,True,False,MEDIUM,False,no_harvest_source
EA1033,4,4,2024_antlerless_hr.pdf; 24_antlerless_drawing_odds_report.pdf; 24_bg_report.pdf; 24_youth_antlerless_drawing_odds_report.pdf,antlerless_preference; harvest_or_results,Elk,Kamas,Any Legal Weapon,True,True,False,True,False,MEDIUM,False,no_harvest_source
EA1035,4,4,2024_antlerless_hr.pdf; 24_antlerless_drawing_odds_report.pdf; 24_bg_report.pdf; 24_youth_antlerless_drawing_odds_report.pdf,antlerless_preference; harvest_or_results,Elk,"Kamas, Oakley",Any Legal Weapon,True,True,False,True,False,MEDIUM,False,no_harvest_source
EA1037,4,4,2024_antlerless_hr.pdf; 24_antlerless_drawing_odds_report.pdf; 24_bg_report.pdf; 24_youth_antlerless_drawing_odds_report.pdf,antlerless_preference; harvest_or_results,Elk,Dolores Triangle,Any Legal Weapon,True,True,False,True,False,MEDIUM,False,no_harvest_source
EA1038,4,4,2024_antlerless_hr.pdf; 24_antlerless_drawing_odds_report.pdf; 24_bg_report.pdf; 24_youth_antlerless_drawing_odds_report.pdf,antlerless_preference; harvest_or_results,Elk,La Sal Mtns,Any Legal Weapon,True,True,False,True,False,MEDIUM,False,no_harvest_source
EA1039,4,4,2024_antlerless_hr.pdf; 24_antlerless_drawing_odds_report.pdf; 24_bg_report.pdf; 24_youth_antlerless_drawing_odds_report.pdf,antlerless_preference; harvest_or_results,Elk,La Sal Mtns,Any Legal Weapon,True,True,False,True,False,MEDIUM,False,no_harvest_source
EA1044,4,4,2024_antlerless_hr.pdf; 24_antlerless_drawing_odds_report.pdf; 24_bg_report.pdf; 24_youth_antlerless_drawing_odds_report.pdf,antlerless_preference; harvest_or_results,Elk,"Morgan-South Rich, South Rich",Any Legal Weapon,True,True,False,True,False,MEDIUM,False,no_harvest_source
EA1049,4,4,2024_antlerless_hr.pdf; 24_antlerless_drawing_odds_report.pdf; 24_bg_report.pdf; 24_youth_antlerless_drawing_odds_report.pdf,antlerless_preference; harvest_or_results,Elk,"Mt Dutton, Deep Creek",Any Legal Weapon,True,True,False,True,False,MEDIUM,False,no_harvest_source
EA1054,4,4,2024_antlerless_hr.pdf; 24_antlerless_drawing_odds_report.pdf; 24_bg_report.pdf; 24_youth_antlerless_drawing_odds_report.pdf,antlerless_preference; harvest_or_results,Elk,"Nine Mile, West Anthro",Any Legal Weapon,True,True,False,True,False,MEDIUM,False,no_harvest_source
EA1056,4,4,2024_antlerless_hr.pdf; 24_antlerless_drawing_odds_report.pdf; 24_bg_report.pdf; 24_youth_antlerless_drawing_odds_report.pdf,antlerless_preference; harvest_or_results,Elk,"North Slope, Greendale",Any Legal Weapon,True,True,False,True,False,MEDIUM,False,no_harvest_source
EA1058,4,4,2024_antlerless_hr.pdf; 24_antlerless_drawing_odds_report.pdf; 24_bg_report.pdf; 24_youth_antlerless_drawing_odds_report.pdf,antlerless_preference; harvest_or_results,Elk,"North Slope, Henry's Fork-Burnt Fork",Any Legal Weapon,True,True,False,True,False,MEDIUM,False,no_harvest_source
EA1060,4,4,2024_antlerless_hr.pdf; 24_antlerless_drawing_odds_report.pdf; 24_bg_report.pdf; 24_youth_antlerless_drawing_odds_report.pdf,antlerless_preference; harvest_or_results,Elk,"North Slope, West Daggett",Muzzleloader,True,True,False,True,False,MEDIUM,False,no_harvest_source
EA1061,4,4,2024_antlerless_hr.pdf; 24_antlerless_drawing_odds_report.pdf; 24_bg_report.pdf; 24_youth_antlerless_drawing_odds_report.pdf,antlerless_preference; harvest_or_results,Elk,"North Slope, West Daggett",Muzzleloader,True,True,False,True,False,MEDIUM,False,no_harvest_source
EA1063,4,4,2024_antlerless_hr.pdf; 24_antlerless_drawing_odds_report.pdf; 24_bg_report.pdf; 24_youth_antlerless_drawing_odds_report.pdf,antlerless_preference; harvest_or_results,Elk,Ogden,Any Legal Weapon,True,True,False,True,False,MEDIUM,False,no_harvest_source
EA1064,3,3,2024_antlerless_hr.pdf; 24_antlerless_drawing_odds_report.pdf; 24_bg_report.pdf,antlerless_preference; harvest_or_results,Elk,Ogden,Any Legal Weapon,True,True,False,True,False,MEDIUM,False,no_harvest_source
EA1069,4,4,2024_antlerless_hr.pdf; 24_antlerless_drawing_odds_report.pdf; 24_bg_report.pdf; 24_youth_antlerless_drawing_odds_report.pdf,antlerless_preference; harvest_or_results,Elk,Panguitch Lake,Any Legal Weapon,True,True,False,True,False,MEDIUM,False,no_harvest_source
EA1073,4,4,2024_antlerless_hr.pdf; 24_antlerless_drawing_odds_report.pdf; 24_bg_report.pdf; 24_youth_antlerless_drawing_odds_report.pdf,antlerless_preference; harvest_or_results,Elk,Paunsaugunt,Any Legal Weapon,True,True,False,True,False,MEDIUM,False,no_harvest_source
EA1075,4,4,2024_antlerless_hr.pdf; 24_antlerless_drawing_odds_report.pdf; 24_bg_report.pdf; 24_youth_antlerless_drawing_odds_report.pdf,antlerless_preference; harvest_or_results,Elk,Boulder East,Any Legal Weapon,True,True,False,True,False,MEDIUM,False,no_harvest_source
EA1076,4,4,2024_antlerless_hr.pdf; 24_antlerless_drawing_odds_report.pdf; 24_bg_report.pdf; 24_youth_antlerless_drawing_odds_report.pdf,antlerless_preference; harvest_or_results,Elk,Boulder West,Any Legal Weapon,True,True,False,True,False,MEDIUM,False,no_harvest_source
EA1077,4,4,2024_antlerless_hr.pdf; 24_antlerless_drawing_odds_report.pdf; 24_bg_report.pdf; 24_youth_antlerless_drawing_odds_report.pdf,antlerless_preference; harvest_or_results,Elk,Boulder-Circle Cliffs,Any Legal Weapon,True,True,False,True,False,MEDIUM,False,no_harvest_source
EA1078,4,4,2024_antlerless_hr.pdf; 24_antlerless_drawing_odds_report.pdf; 24_bg_report.pdf; 24_youth_antlerless_drawing_odds_report.pdf,antlerless_preference; harvest_or_results,Elk,Fishlake/Thousand Lakes,Any Legal Weapon,True,True,False,True,False,MEDIUM,False,no_harvest_source
EA1079,4,4,2024_antlerless_hr.pdf; 24_antlerless_drawing_odds_report.pdf; 24_bg_report.pdf; 24_youth_antlerless_drawing_odds_report.pdf,antlerless_preference; harvest_or_results,Elk,Fishlake/Thousand Lakes East,Any Legal Weapon,True,True,False,True,False,MEDIUM,False,no_harvest_source
EA1080,4,4,2024_antlerless_hr.pdf; 24_antlerless_drawing_odds_report.pdf; 24_bg_report.pdf; 24_youth_antlerless_drawing_odds_report.pdf,antlerless_preference; harvest_or_results,Elk,Fishlake/Thousand Lakes West,Any Legal Weapon,True,True,False,True,False,MEDIUM,False,no_harvest_source
EA1081,4,4,2024_antlerless_hr.pdf; 24_antlerless_drawing_odds_report.pdf; 24_bg_report.pdf; 24_youth_antlerless_drawing_odds_report.pdf,antlerless_preference; harvest_or_results,Elk,San Juan,Any Legal Weapon,True,True,False,True,False,MEDIUM,False,no_harvest_source
EA1082,4,4,2024_antlerless_hr.pdf; 24_antlerless_drawing_odds_report.pdf; 24_bg_report.pdf; 24_youth_antlerless_drawing_odds_report.pdf,antlerless_preference; harvest_or_results,Elk,San Juan,Any Legal Weapon,True,True,False,True,False,MEDIUM,False,no_harvest_source
EA1084,4,4,2024_antlerless_hr.pdf; 24_antlerless_drawing_odds_report.pdf; 24_bg_report.pdf; 24_youth_antlerless_drawing_odds_report.pdf,antlerless_preference; harvest_or_results,Elk,"San Rafael, North",Any Legal Weapon,True,True,False,True,False,MEDIUM,False,no_harvest_source
EA1085,4,4,2024_antlerless_hr.pdf; 24_antlerless_drawing_odds_report.pdf; 24_bg_report.pdf; 24_youth_antlerless_drawing_odds_report.pdf,antlerless_preference; harvest_or_results,Elk,Vernal/Bonanza,Archery,True,True,False,True,False,MEDIUM,False,no_harvest_source
EA1087,4,4,2024_antlerless_hr.pdf; 24_antlerless_drawing_odds_report.pdf; 24_bg_report.pdf; 24_youth_antlerless_drawing_odds_report.pdf,antlerless_preference; harvest_or_results,Elk,Vernal/Bonanza,Any Legal Weapon,True,True,False,True,False,MEDIUM,False,no_harvest_source
EA1089,4,4,2024_antlerless_hr.pdf; 24_antlerless_drawing_odds_report.pdf; 24_bg_report.pdf; 24_youth_antlerless_drawing_odds_report.pdf,antlerless_preference; harvest_or_results,Elk,Diamond Mtn,Any Legal Weapon,True,True,False,True,False,MEDIUM,False,no_harvest_source
EA1090,4,4,2024_antlerless_hr.pdf; 24_antlerless_drawing_odds_report.pdf; 24_bg_report.pdf; 24_youth_antlerless_drawing_odds_report.pdf,antlerless_preference; harvest_or_results,Elk,Diamond Mtn,Any Legal Weapon,True,True,False,True,False,MEDIUM,False,no_harvest_source
EA1094,4,4,2024_antlerless_hr.pdf; 24_antlerless_drawing_odds_report.pdf; 24_bg_report.pdf; 24_youth_antlerless_drawing_odds_report.pdf,antlerless_preference; harvest_or_results,Elk,"Vernal, Mosby Mtn",Any Legal Weapon,True,True,False,True,False,MEDIUM,False,no_harvest_source
EA1101,4,4,2024_antlerless_hr.pdf; 24_antlerless_drawing_odds_report.pdf; 24_bg_report.pdf; 24_youth_antlerless_drawing_odds_report.pdf,antlerless_preference; harvest_or_results,Elk,Southwest Desert,Any Legal Weapon,True,True,False,True,False,MEDIUM,False,no_harvest_source
EA1106,4,4,2024_antlerless_hr.pdf; 24_antlerless_drawing_odds_report.pdf; 24_bg_report.pdf; 24_youth_antlerless_drawing_odds_report.pdf,antlerless_preference; harvest_or_results,Elk,"Wasatch Mtns, Avintaquin",Any Legal Weapon,True,True,False,True,False,MEDIUM,False,no_harvest_source
EA1110,4,4,2024_antlerless_hr.pdf; 24_antlerless_drawing_odds_report.pdf; 24_bg_report.pdf; 24_youth_antlerless_drawing_odds_report.pdf,antlerless_preference; harvest_or_results,Elk,"Wasatch Mtns, Salt Lake",Any Legal Weapon,True,True,False,True,False,MEDIUM,False,no_harvest_source
EA1111,4,4,2024_antlerless_hr.pdf; 24_antlerless_drawing_odds_report.pdf; 24_bg_report.pdf; 24_youth_antlerless_drawing_odds_report.pdf,antlerless_preference; harvest_or_results,Elk,"Wasatch Mtns, Wallsburg",Any Legal Weapon,True,True,False,True,False,MEDIUM,False,no_harvest_source
EA1112,4,4,2024_antlerless_hr.pdf; 24_antlerless_drawing_odds_report.pdf; 24_bg_report.pdf; 24_youth_antlerless_drawing_odds_report.pdf,antlerless_preference; harvest_or_results,Elk,"Wasatch Mtns, Wallsburg",Any Legal Weapon,True,True,False,True,False,MEDIUM,False,no_harvest_source
EA1113,4,4,2024_antlerless_hr.pdf; 24_antlerless_drawing_odds_report.pdf; 24_bg_report.pdf; 24_youth_antlerless_drawing_odds_report.pdf,antlerless_preference; harvest_or_results,Elk,"Wasatch Mtns, West Heber",Any Legal Weapon,True,True,False,True,False,MEDIUM,False,no_harvest_source
EA1114,4,4,2024_antlerless_hr.pdf; 24_antlerless_drawing_odds_report.pdf; 24_bg_report.pdf; 24_youth_antlerless_drawing_odds_report.pdf,antlerless_preference; harvest_or_results,Elk,"Wasatch Mtns, West Timpanogos",Any Legal Weapon,True,True,False,True,False,MEDIUM,False,no_harvest_source
EA1117,4,4,2024_antlerless_hr.pdf; 24_antlerless_drawing_odds_report.pdf; 24_bg_report.pdf; 24_youth_antlerless_drawing_odds_report.pdf,antlerless_preference; harvest_or_results,Elk,Zion,Any Legal Weapon,True,True,False,True,False,MEDIUM,False,no_harvest_source
EA1118,4,4,2024_antlerless_hr.pdf; 24_antlerless_drawing_odds_report.pdf; 24_bg_report.pdf; 24_youth_antlerless_drawing_odds_report.pdf,antlerless_preference; harvest_or_results,Elk,Alton,Any Legal Weapon,True,True,False,True,False,MEDIUM,False,no_harvest_source
EA1119,4,4,2024_antlerless_hr.pdf; 24_antlerless_drawing_odds_report.pdf; 24_bg_report.pdf; 24_youth_antlerless_drawing_odds_report.pdf,antlerless_preference; harvest_or_results,Elk,Bar J Ranch,Any Legal Weapon,True,True,False,True,False,MEDIUM,False,no_harvest_source
EA1120,4,4,2024_antlerless_hr.pdf; 24_antlerless_drawing_odds_report.pdf; 24_bg_report.pdf; 24_youth_antlerless_drawing_odds_report.pdf,antlerless_preference; harvest_or_results,Elk,Bear Mountain,Any Legal Weapon,True,True,False,True,False,MEDIUM,False,no_harvest_source
EA1121,4,4,2024_antlerless_hr.pdf; 24_antlerless_drawing_odds_report.pdf; 24_bg_report.pdf; 24_youth_antlerless_drawing_odds_report.pdf,antlerless_preference; harvest_or_results,Elk,Boobe Hole,Any Legal Weapon,True,True,False,True,False,MEDIUM,False,no_harvest_source
EA1122,4,4,2024_antlerless_hr.pdf; 24_antlerless_drawing_odds_report.pdf; 24_bg_report.pdf; 24_youth_antlerless_drawing_odds_report.pdf,antlerless_preference; harvest_or_results,Elk,Causey Spring,Any Legal Weapon,True,True,False,True,False,MEDIUM,False,no_harvest_source
EA1124,4,4,2024_antlerless_hr.pdf; 24_antlerless_drawing_odds_report.pdf; 24_bg_report.pdf; 24_youth_antlerless_drawing_odds_report.pdf,antlerless_preference; harvest_or_results,Elk,Chimney Rock,Any Legal Weapon,True,True,False,True,False,MEDIUM,False,no_harvest_source
EA1125,4,4,2024_antlerless_hr.pdf; 24_antlerless_drawing_odds_report.pdf; 24_bg_report.pdf; 24_youth_antlerless_drawing_odds_report.pdf,antlerless_preference; harvest_or_results,Elk,Coldwater Ranch,Any Legal Weapon,True,True,False,True,False,MEDIUM,False,no_harvest_source
EA1129,4,4,2024_antlerless_hr.pdf; 24_antlerless_drawing_odds_report.pdf; 24_bg_report.pdf; 24_youth_antlerless_drawing_odds_report.pdf,antlerless_preference; harvest_or_results,Elk,Deseret,Any Legal Weapon,True,True,False,True,False,MEDIUM,False,no_harvest_source
EA1130,4,4,2024_antlerless_hr.pdf; 24_antlerless_drawing_odds_report.pdf; 24_bg_report.pdf; 24_youth_antlerless_drawing_odds_report.pdf,antlerless_preference; harvest_or_results,Elk,Double Cone,Any Legal Weapon,True,True,False,True,False,MEDIUM,False,no_harvest_source
EA1131,4,4,2024_antlerless_hr.pdf; 24_antlerless_drawing_odds_report.pdf; 24_bg_report.pdf; 24_youth_antlerless_drawing_odds_report.pdf,antlerless_preference; harvest_or_results,Elk,Durst Mountain,Any Legal Weapon,True,True,False,True,False,MEDIUM,False,no_harvest_source
EA1132,4,4,2024_antlerless_hr.pdf; 24_antlerless_drawing_odds_report.pdf; 24_bg_report.pdf; 24_youth_antlerless_drawing_odds_report.pdf,antlerless_preference; harvest_or_results,Elk,East Fork Chalk Creek,Any Legal Weapon,True,True,False,True,False,MEDIUM,False,no_harvest_source
EA1134,4,4,2024_antlerless_hr.pdf; 24_antlerless_drawing_odds_report.pdf; 24_bg_report.pdf; 24_youth_antlerless_drawing_odds_report.pdf,antlerless_preference; harvest_or_results,Elk,Ensign Ranches,Any Legal Weapon,True,True,False,True,False,MEDIUM,False,no_harvest_source
EA1135,4,4,2024_antlerless_hr.pdf; 24_antlerless_drawing_odds_report.pdf; 24_bg_report.pdf; 24_youth_antlerless_drawing_odds_report.pdf,antlerless_preference; harvest_or_results,Elk,Folley Ridge,Any Legal Weapon,True,True,False,True,False,MEDIUM,False,no_harvest_source
EA1136,4,4,2024_antlerless_hr.pdf; 24_antlerless_drawing_odds_report.pdf; 24_bg_report.pdf; 24_youth_antlerless_drawing_odds_report.pdf,antlerless_preference; harvest_or_results,Elk,Grass Valley/Clark Canyon,Any Legal Weapon,True,True,False,True,False,MEDIUM,False,no_harvest_source
EA1137,4,4,2024_antlerless_hr.pdf; 24_antlerless_drawing_odds_report.pdf; 24_bg_report.pdf; 24_youth_antlerless_drawing_odds_report.pdf,antlerless_preference; harvest_or_results,Elk,Grazing Pasture,Any Legal Weapon,True,True,False,True,False,MEDIUM,False,no_harvest_source
EA1138,4,4,2024_antlerless_hr.pdf; 24_antlerless_drawing_odds_report.pdf; 24_bg_report.pdf; 24_youth_antlerless_drawing_odds_report.pdf,antlerless_preference; harvest_or_results,Elk,Guildersleeve,Any Legal Weapon,True,True,False,True,False,MEDIUM,False,no_harvest_source
EA1139,4,4,2024_antlerless_hr.pdf; 24_antlerless_drawing_odds_report.pdf; 24_bg_report.pdf; 24_youth_antlerless_drawing_odds_report.pdf,antlerless_preference; harvest_or_results,Elk,Hardscrabble,Any Legal Weapon,True,True,False,True,False,MEDIUM,False,no_harvest_source
EA1140,4,4,2024_antlerless_hr.pdf; 24_antlerless_drawing_odds_report.pdf; 24_bg_report.pdf; 24_youth_antlerless_drawing_odds_report.pdf,antlerless_preference; harvest_or_results,Elk,Heaston East,Any Legal Weapon,True,True,False,True,False,MEDIUM,False,no_harvest_source
EA1141,4,4,2024_antlerless_hr.pdf; 24_antlerless_drawing_odds_report.pdf; 24_bg_report.pdf; 24_youth_antlerless_drawing_odds_report.pdf,antlerless_preference; harvest_or_results,Elk,Hiawatha,Any Legal Weapon,True,True,False,True,False,MEDIUM,False,no_harvest_source
EA1142,4,4,2024_antlerless_hr.pdf; 24_antlerless_drawing_odds_report.pdf; 24_bg_report.pdf; 24_youth_antlerless_drawing_odds_report.pdf,antlerless_preference; harvest_or_results,Elk,Indian Head,Any Legal Weapon,True,True,False,True,False,MEDIUM,False,no_harvest_source
EA1143,4,4,2024_antlerless_hr.pdf; 24_antlerless_drawing_odds_report.pdf; 24_bg_report.pdf; 24_youth_antlerless_drawing_odds_report.pdf,antlerless_preference; harvest_or_results,Elk,Circle E Ranch,Any Legal Weapon,True,True,False,True,False,MEDIUM,False,no_harvest_source
EA1145,4,4,2024_antlerless_hr.pdf; 24_antlerless_drawing_odds_report.pdf; 24_bg_report.pdf; 24_youth_antlerless_drawing_odds_report.pdf,antlerless_preference; harvest_or_results,Elk,Johnson Mountain Ranch,Any Legal Weapon,True,True,False,True,False,MEDIUM,False,no_harvest_source
EA1146,4,4,2024_antlerless_hr.pdf; 24_antlerless_drawing_odds_report.pdf; 24_bg_report.pdf; 24_youth_antlerless_drawing_odds_report.pdf,antlerless_preference; harvest_or_results,Elk,Jump Creek,Any Legal Weapon,True,True,False,True,False,MEDIUM,False,no_harvest_source
EA1147,4,4,2024_antlerless_hr.pdf; 24_antlerless_drawing_odds_report.pdf; 24_bg_report.pdf; 24_youth_antlerless_drawing_odds_report.pdf,antlerless_preference; harvest_or_results,Elk,Little Red Creek,Any Legal Weapon,True,True,False,True,False,MEDIUM,False,no_harvest_source
EA1149,4,4,2024_antlerless_hr.pdf; 24_antlerless_drawing_odds_report.pdf; 24_bg_report.pdf; 24_youth_antlerless_drawing_odds_report.pdf,antlerless_preference; harvest_or_results,Elk,Minnie Maud Ridge,Any Legal Weapon,True,True,False,True,False,MEDIUM,False,no_harvest_source
EA1151,4,4,2024_antlerless_hr.pdf; 24_antlerless_drawing_odds_report.pdf; 24_bg_report.pdf; 24_youth_antlerless_drawing_odds_report.pdf,antlerless_preference; harvest_or_results,Elk,Moon Ranch,Any Legal Weapon,True,True,False,True,False,MEDIUM,False,no_harvest_source
EA1153,4,4,2024_antlerless_hr.pdf; 24_antlerless_drawing_odds_report.pdf; 24_bg_report.pdf; 24_youth_antlerless_drawing_odds_report.pdf,antlerless_preference; harvest_or_results,Elk,Old Woman Plateau,Any Legal Weapon,True,True,False,True,False,MEDIUM,False,no_harvest_source
EA1156,4,4,2024_antlerless_hr.pdf; 24_antlerless_drawing_odds_report.pdf; 24_bg_report.pdf; 24_youth_antlerless_drawing_odds_report.pdf,antlerless_preference; harvest_or_results,Elk,Preston Nutter Ranch,Any Legal Weapon,True,True,False,True,False,MEDIUM,False,no_harvest_source
EA1157,4,4,2024_antlerless_hr.pdf; 24_antlerless_drawing_odds_report.pdf; 24_bg_report.pdf; 24_youth_antlerless_drawing_odds_report.pdf,antlerless_preference; harvest_or_results,Elk,Redd Ranches,Any Legal Weapon,True,True,False,True,False,MEDIUM,False,no_harvest_source
EA1158,4,4,2024_antlerless_hr.pdf; 24_antlerless_drawing_odds_report.pdf; 24_bg_report.pdf; 24_youth_antlerless_drawing_odds_report.pdf,antlerless_preference; harvest_or_results,Elk,Riverview Ranch LLC,Any Legal Weapon,True,True,False,True,False,MEDIUM,False,no_harvest_source
EA1159,4,4,2024_antlerless_hr.pdf; 24_antlerless_drawing_odds_report.pdf; 24_bg_report.pdf; 24_youth_antlerless_drawing_odds_report.pdf,antlerless_preference; harvest_or_results,Elk,Roan Cliffs,Any Legal Weapon,True,True,False,True,False,MEDIUM,False,no_harvest_source
EA1160,4,4,2024_antlerless_hr.pdf; 24_antlerless_drawing_odds_report.pdf; 24_bg_report.pdf; 24_youth_antlerless_drawing_odds_report.pdf,antlerless_preference; harvest_or_results,Elk,Sand Creek,Any Legal Weapon,True,True,False,True,False,MEDIUM,False,no_harvest_source
EA1161,4,4,2024_antlerless_hr.pdf; 24_antlerless_drawing_odds_report.pdf; 24_bg_report.pdf; 24_youth_antlerless_drawing_odds_report.pdf,antlerless_preference; harvest_or_results,Elk,Scofield Canyons,Any Legal Weapon,True,True,False,True,False,MEDIUM,False,no_harvest_source
EA1162,4,4,2024_antlerless_hr.pdf; 24_antlerless_drawing_odds_report.pdf; 24_bg_report.pdf; 24_youth_antlerless_drawing_odds_report.pdf,antlerless_preference; harvest_or_results,Elk,Scofield East,Any Legal Weapon,True,True,False,True,False,MEDIUM,False,no_harvest_source
EA1163,4,4,2024_antlerless_hr.pdf; 24_antlerless_drawing_odds_report.pdf; 24_bg_report.pdf; 24_youth_antlerless_drawing_odds_report.pdf,antlerless_preference; harvest_or_results,Elk,Scofield West,Any Legal Weapon,True,True,False,True,False,MEDIUM,False,no_harvest_source
EA1164,4,4,2024_antlerless_hr.pdf; 24_antlerless_drawing_odds_report.pdf; 24_bg_report.pdf; 24_youth_antlerless_drawing_odds_report.pdf,antlerless_preference; harvest_or_results,Elk,SJ Ranch,Any Legal Weapon,True,True,False,True,False,MEDIUM,False,no_harvest_source
EA1165,4,4,2024_antlerless_hr.pdf; 24_antlerless_drawing_odds_report.pdf; 24_bg_report.pdf; 24_youth_antlerless_drawing_odds_report.pdf,antlerless_preference; harvest_or_results,Elk,Skull Crack,Any Legal Weapon,True,True,False,True,False,MEDIUM,False,no_harvest_source
EA1166,4,4,2024_antlerless_hr.pdf; 24_antlerless_drawing_odds_report.pdf; 24_bg_report.pdf; 24_youth_antlerless_drawing_odds_report.pdf,antlerless_preference; harvest_or_results,Elk,Soldier Summit,Any Legal Weapon,True,True,False,True,False,MEDIUM,False,no_harvest_source
EA1167,4,4,2024_antlerless_hr.pdf; 24_antlerless_drawing_odds_report.pdf; 24_bg_report.pdf; 24_youth_antlerless_drawing_odds_report.pdf,antlerless_preference; harvest_or_results,Elk,South Canyon,Any Legal Weapon,True,True,False,True,False,MEDIUM,False,no_harvest_source
EA1168,4,4,2024_antlerless_hr.pdf; 24_antlerless_drawing_odds_report.pdf; 24_bg_report.pdf; 24_youth_antlerless_drawing_odds_report.pdf,antlerless_preference; harvest_or_results,Elk,Spring Creek/Dodge,Any Legal Weapon,True,True,False,True,False,MEDIUM,False,no_harvest_source
EA1170,4,4,2024_antlerless_hr.pdf; 24_antlerless_drawing_odds_report.pdf; 24_bg_report.pdf; 24_youth_antlerless_drawing_odds_report.pdf,antlerless_preference; harvest_or_results,Elk,Strawberry Ridge,Any Legal Weapon,True,True,False,True,False,MEDIUM,False,no_harvest_source
EA1171,3,3,2024_antlerless_hr.pdf; 24_antlerless_drawing_odds_report.pdf; 24_bg_report.pdf,antlerless_preference; harvest_or_results,Elk,Summit Point,Any Legal Weapon,True,True,False,True,False,MEDIUM,False,no_harvest_source
EA1172,4,4,2024_antlerless_hr.pdf; 24_antlerless_drawing_odds_report.pdf; 24_bg_report.pdf; 24_youth_antlerless_drawing_odds_report.pdf,antlerless_preference; harvest_or_results,Elk,Three C,Any Legal Weapon,True,True,False,True,False,MEDIUM,False,no_harvest_source
EA1174,4,4,2024_antlerless_hr.pdf; 24_antlerless_drawing_odds_report.pdf; 24_bg_report.pdf; 24_youth_antlerless_drawing_odds_report.pdf,antlerless_preference; harvest_or_results,Elk,Two Bear,Any Legal Weapon,True,True,False,True,False,MEDIUM,False,no_harvest_source
EA1175,4,4,2024_antlerless_hr.pdf; 24_antlerless_drawing_odds_report.pdf; 24_bg_report.pdf; 24_youth_antlerless_drawing_odds_report.pdf,antlerless_preference; harvest_or_results,Elk,Wallsburg,Any Legal Weapon,True,True,False,True,False,MEDIUM,False,no_harvest_source
EA1177,4,4,2024_antlerless_hr.pdf; 24_antlerless_drawing_odds_report.pdf; 24_bg_report.pdf; 24_youth_antlerless_drawing_odds_report.pdf,antlerless_preference; harvest_or_results,Elk,Woodruff Creek South,Any Legal Weapon,True,True,False,True,False,MEDIUM,False,no_harvest_source
EA1187,3,3,2024_antlerless_hr.pdf; 24_antlerless_drawing_odds_report.pdf; 24_bg_report.pdf,antlerless_preference; harvest_or_results,Elk,"Paunsaugunt, Hatch Bench",Any Legal Weapon,True,True,False,True,False,MEDIUM,False,no_harvest_source
EA1189,4,4,2024_antlerless_hr.pdf; 24_antlerless_drawing_odds_report.pdf; 24_bg_report.pdf; 24_youth_antlerless_drawing_odds_report.pdf,antlerless_preference; harvest_or_results,Elk,"Wasatch Mtns, West-Central",Muzzleloader,True,True,False,True,False,MEDIUM,False,no_harvest_source
EA1192,4,4,2024_antlerless_hr.pdf; 24_antlerless_drawing_odds_report.pdf; 24_bg_report.pdf; 24_youth_antlerless_drawing_odds_report.pdf,antlerless_preference; harvest_or_results,Elk,Pahvant Ensign,Any Legal Weapon,True,True,False,True,False,MEDIUM,False,no_harvest_source
EA1193,4,4,2024_antlerless_hr.pdf; 24_antlerless_drawing_odds_report.pdf; 24_bg_report.pdf; 24_youth_antlerless_drawing_odds_report.pdf,antlerless_preference; harvest_or_results,Elk,"Cache, Rich",Any Legal Weapon,True,True,False,True,False,MEDIUM,False,no_harvest_source
EA1196,4,4,2024_antlerless_hr.pdf; 24_antlerless_drawing_odds_report.pdf; 24_bg_report.pdf; 24_youth_antlerless_drawing_odds_report.pdf,antlerless_preference; harvest_or_results,Elk,"North Slope, Summit",Any Legal Weapon,True,True,False,True,False,MEDIUM,False,no_harvest_source
EA1198,3,3,2024_antlerless_hr.pdf; 24_antlerless_drawing_odds_report.pdf; 24_bg_report.pdf,antlerless_preference; harvest_or_results,Elk,Bear Springs,Any Legal Weapon,True,True,False,True,False,MEDIUM,False,no_harvest_source
EA1200,4,4,2024_antlerless_hr.pdf; 24_antlerless_drawing_odds_report.pdf; 24_bg_report.pdf; 24_youth_antlerless_drawing_odds_report.pdf,antlerless_preference; harvest_or_results,Elk,Double R Ranch,Any Legal Weapon,True,True,False,True,False,MEDIUM,False,no_harvest_source
EA1201,4,4,2024_antlerless_hr.pdf; 24_antlerless_drawing_odds_report.pdf; 24_bg_report.pdf; 24_youth_antlerless_drawing_odds_report.pdf,antlerless_preference; harvest_or_results,Elk,Mountain Sky Ranch,Any Legal Weapon,True,True,False,True,False,MEDIUM,False,no_harvest_source
EA1203,4,4,2024_antlerless_hr.pdf; 24_antlerless_drawing_odds_report.pdf; 24_bg_report.pdf; 24_youth_antlerless_drawing_odds_report.pdf,antlerless_preference; harvest_or_results,Elk,"Box Elder, Pilot Mtn",Any Legal Weapon,True,True,False,True,False,MEDIUM,False,no_harvest_source
EA1204,4,4,2024_antlerless_hr.pdf; 24_antlerless_drawing_odds_report.pdf; 24_bg_report.pdf; 24_youth_antlerless_drawing_odds_report.pdf,antlerless_preference; harvest_or_results,Elk,"Box Elder, Pilot Mtn",Any Legal Weapon,True,True,False,True,False,MEDIUM,False,no_harvest_source
EA1206,4,4,2024_antlerless_hr.pdf; 24_antlerless_drawing_odds_report.pdf; 24_bg_report.pdf; 24_youth_antlerless_drawing_odds_report.pdf,antlerless_preference; harvest_or_results,Elk,"Cache, Richmond Hyde Park",Any Legal Weapon,True,True,False,True,False,MEDIUM,False,no_harvest_source
EA1207,4,4,2024_antlerless_hr.pdf; 24_antlerless_drawing_odds_report.pdf; 24_bg_report.pdf; 24_youth_antlerless_drawing_odds_report.pdf,antlerless_preference; harvest_or_results,Elk,"Nebo, Moroni Hills",Any Legal Weapon,True,True,False,True,False,MEDIUM,False,no_harvest_source
EA1208,4,4,2024_antlerless_hr.pdf; 24_antlerless_drawing_odds_report.pdf; 24_bg_report.pdf; 24_youth_antlerless_drawing_odds_report.pdf,antlerless_preference; harvest_or_results,Elk,Nebo,Any Legal Weapon,True,True,False,True,False,MEDIUM,False,no_harvest_source
EA1209,4,4,2024_antlerless_hr.pdf; 24_antlerless_drawing_odds_report.pdf; 24_bg_report.pdf; 24_youth_antlerless_drawing_odds_report.pdf,antlerless_preference; harvest_or_results,Elk,"Fillmore, Oak Creek LE",Any Legal Weapon,True,True,False,True,False,MEDIUM,False,no_harvest_source
EA1217,4,4,2024_antlerless_hr.pdf; 24_antlerless_drawing_odds_report.pdf; 24_bg_report.pdf; 24_youth_antlerless_drawing_odds_report.pdf,antlerless_preference; harvest_or_results,Elk,"Wasatch Mtns, Avintaquin",Any Legal Weapon,True,True,False,True,False,MEDIUM,False,no_harvest_source
EA1222,4,4,2024_antlerless_hr.pdf; 24_antlerless_drawing_odds_report.pdf; 24_bg_report.pdf; 24_youth_antlerless_drawing_odds_report.pdf,antlerless_preference; harvest_or_results,Elk,"Beaver, East",Any Legal Weapon,True,True,False,True,False,MEDIUM,False,no_harvest_source
EA1223,4,4,2024_antlerless_hr.pdf; 24_antlerless_drawing_odds_report.pdf; 24_bg_report.pdf; 24_youth_antlerless_drawing_odds_report.pdf,antlerless_preference; harvest_or_results,Elk,"Beaver, East",Any Legal Weapon,True,True,False,True,False,MEDIUM,False,no_harvest_source
EA1224,4,4,2024_antlerless_hr.pdf; 24_antlerless_drawing_odds_report.pdf; 24_bg_report.pdf; 24_youth_antlerless_drawing_odds_report.pdf,antlerless_preference; harvest_or_results,Elk,"Book Cliffs, Bitter Creek/South",Any Legal Weapon,True,True,False,True,False,MEDIUM,False,no_harvest_source
EA1225,4,4,2024_antlerless_hr.pdf; 24_antlerless_drawing_odds_report.pdf; 24_bg_report.pdf; 24_youth_antlerless_drawing_odds_report.pdf,antlerless_preference; harvest_or_results,Elk,"Book Cliffs, Bitter Creek/South",Muzzleloader,True,True,False,True,False,MEDIUM,False,no_harvest_source
EA1226,3,3,2024_antlerless_hr.pdf; 24_antlerless_drawing_odds_report.pdf; 24_bg_report.pdf,antlerless_preference; harvest_or_results,Elk,"Nebo, Moroni Hills",Any Legal Weapon,True,True,False,True,False,MEDIUM,False,no_harvest_source
EA1228,4,4,2024_antlerless_hr.pdf; 24_antlerless_drawing_odds_report.pdf; 24_bg_report.pdf; 24_youth_antlerless_drawing_odds_report.pdf,antlerless_preference; harvest_or_results,Elk,Morgan-South Rich,Any Legal Weapon,True,True,False,True,False,MEDIUM,False,no_harvest_source
EA1229,4,4,2024_antlerless_hr.pdf; 24_antlerless_drawing_odds_report.pdf; 24_bg_report.pdf; 24_youth_antlerless_drawing_odds_report.pdf,antlerless_preference; harvest_or_results,Elk,Morgan-South Rich,Any Legal Weapon,True,True,False,True,False,MEDIUM,False,no_harvest_source
EA1231,4,4,2024_antlerless_hr.pdf; 24_antlerless_drawing_odds_report.pdf; 24_bg_report.pdf; 24_youth_antlerless_drawing_odds_report.pdf,antlerless_preference; harvest_or_results,Elk,"West Desert, Tintic Valley",Any Legal Weapon,True,True,False,True,False,MEDIUM,False,no_harvest_source
EA1233,4,4,2024_antlerless_hr.pdf; 24_antlerless_drawing_odds_report.pdf; 24_bg_report.pdf; 24_youth_antlerless_drawing_odds_report.pdf,antlerless_preference; harvest_or_results,Elk,Avintaquin Canyon,Any Legal Weapon,True,True,False,True,False,MEDIUM,False,no_harvest_source
EA1234,4,4,2024_antlerless_hr.pdf; 24_antlerless_drawing_odds_report.pdf; 24_bg_report.pdf; 24_youth_antlerless_drawing_odds_report.pdf,antlerless_preference; harvest_or_results,Elk,Royal Ivory Outfitters,Any Legal Weapon,True,True,False,True,False,MEDIUM,False,no_harvest_source
EA1235,4,4,2024_antlerless_hr.pdf; 24_antlerless_drawing_odds_report.pdf; 24_bg_report.pdf; 24_youth_antlerless_drawing_odds_report.pdf,antlerless_preference; harvest_or_results,Elk,Sharp Mountain,Any Legal Weapon,True,True,False,True,False,MEDIUM,False,no_harvest_source
EA1236,4,4,2024_antlerless_hr.pdf; 24_antlerless_drawing_odds_report.pdf; 24_bg_report.pdf; 24_youth_antlerless_drawing_odds_report.pdf,antlerless_preference; harvest_or_results,Elk,East Canyon,Any Legal Weapon,True,True,False,True,False,MEDIUM,False,no_harvest_source
EA1237,4,4,2024_antlerless_hr.pdf; 24_antlerless_drawing_odds_report.pdf; 24_bg_report.pdf; 24_youth_antlerless_drawing_odds_report.pdf,antlerless_preference; harvest_or_results,Elk,"La Sal Mtns, North",Any Legal Weapon,True,True,False,True,False,MEDIUM,False,no_harvest_source
EA1239,4,4,2024_antlerless_hr.pdf; 24_antlerless_drawing_odds_report.pdf; 24_bg_report.pdf; 24_youth_antlerless_drawing_odds_report.pdf,antlerless_preference; harvest_or_results,Elk,"Nine Mile, Range Creek",Any Legal Weapon,True,True,False,True,False,MEDIUM,False,no_harvest_source
EA1240,4,4,2024_antlerless_hr.pdf; 24_antlerless_drawing_odds_report.pdf; 24_bg_report.pdf; 24_youth_antlerless_drawing_odds_report.pdf,antlerless_preference; harvest_or_results,Elk,"Nine Mile, Range Creek",Any Legal Weapon,True,True,False,True,False,MEDIUM,False,no_harvest_source
EA1242,4,4,2024_antlerless_hr.pdf; 24_antlerless_drawing_odds_report.pdf; 24_bg_report.pdf; 24_youth_antlerless_drawing_odds_report.pdf,antlerless_preference; harvest_or_results,Elk,"Vernal, Buckskin Hills-Jensen",Any Legal Weapon,True,True,False,True,False,MEDIUM,False,no_harvest_source
EA1243,4,4,2024_antlerless_hr.pdf; 24_antlerless_drawing_odds_report.pdf; 24_bg_report.pdf; 24_youth_antlerless_drawing_odds_report.pdf,antlerless_preference; harvest_or_results,Elk,"Vernal, Buckskin Hills-Jensen",Any Legal Weapon,True,True,False,True,False,MEDIUM,False,no_harvest_source
EA1244,4,4,2024_antlerless_hr.pdf; 24_antlerless_drawing_odds_report.pdf; 24_bg_report.pdf; 24_youth_antlerless_drawing_odds_report.pdf,antlerless_preference; harvest_or_results,Elk,Yellowstone,Any Legal Weapon,True,True,False,True,False,MEDIUM,False,no_harvest_source
EA1245,4,4,2024_antlerless_hr.pdf; 24_antlerless_drawing_odds_report.pdf; 24_bg_report.pdf; 24_youth_antlerless_drawing_odds_report.pdf,antlerless_preference; harvest_or_results,Elk,Yellowstone,Muzzleloader,True,True,False,True,False,MEDIUM,False,no_harvest_source
EA1250,4,4,2024_antlerless_hr.pdf; 24_antlerless_drawing_odds_report.pdf; 24_bg_report.pdf; 24_youth_antlerless_drawing_odds_report.pdf,antlerless_preference; harvest_or_results,Elk,"North Slope, West Daggett",Any Legal Weapon,True,True,False,True,False,MEDIUM,False,no_harvest_source
EA1251,4,4,2024_antlerless_hr.pdf; 24_antlerless_drawing_odds_report.pdf; 24_bg_report.pdf; 24_youth_antlerless_drawing_odds_report.pdf,antlerless_preference; harvest_or_results,Elk,"Southwest Desert, Burbank/Garrison",Any Legal Weapon,True,True,False,True,False,MEDIUM,False,no_harvest_source
EA1254,4,4,2024_antlerless_hr.pdf; 24_antlerless_drawing_odds_report.pdf; 24_bg_report.pdf; 24_youth_antlerless_drawing_odds_report.pdf,antlerless_preference; harvest_or_results,Elk,Pine Valley,Any Legal Weapon,True,True,False,True,False,MEDIUM,False,no_harvest_source
EA1256,4,4,2024_antlerless_hr.pdf; 24_antlerless_drawing_odds_report.pdf; 24_bg_report.pdf; 24_youth_antlerless_drawing_odds_report.pdf,antlerless_preference; harvest_or_results,Elk,Little Pole Canyon,Any Legal Weapon,True,True,False,True,False,MEDIUM,False,no_harvest_source
EA1259,3,3,2024_antlerless_hr.pdf; 24_antlerless_drawing_odds_report.pdf; 24_bg_report.pdf,antlerless_preference; harvest_or_results,Elk,Diamond Mountain CWMU,Any Legal Weapon,True,True,False,True,False,MEDIUM,False,no_harvest_source
EA1260,3,3,2024_antlerless_hr.pdf; 24_antlerless_drawing_odds_report.pdf; 24_bg_report.pdf,antlerless_preference; harvest_or_results,Elk,Blackhawk,Any Legal Weapon,True,True,False,True,False,MEDIUM,False,no_harvest_source
EA1261,4,4,2024_antlerless_hr.pdf; 24_antlerless_drawing_odds_report.pdf; 24_bg_report.pdf; 24_youth_antlerless_drawing_odds_report.pdf,antlerless_preference; harvest_or_results,Elk,West Ridge,Any Legal Weapon,True,True,False,True,False,MEDIUM,False,no_harvest_source
EA1264,4,4,2024_antlerless_hr.pdf; 24_antlerless_drawing_odds_report.pdf; 24_bg_report.pdf; 24_youth_antlerless_drawing_odds_report.pdf,antlerless_preference; harvest_or_results,Elk,"Wasatch Mtns, Rabbit Gulch",Any Legal Weapon,True,True,False,True,False,MEDIUM,False,no_harvest_source
EA1265,4,4,2024_antlerless_hr.pdf; 24_antlerless_drawing_odds_report.pdf; 24_bg_report.pdf; 24_youth_antlerless_drawing_odds_report.pdf,antlerless_preference; harvest_or_results,Elk,"Wasatch Mtns, Tabby Mtn",Any Legal Weapon,True,True,False,True,False,MEDIUM,False,no_harvest_source
EA1266,4,4,2024_antlerless_hr.pdf; 24_antlerless_drawing_odds_report.pdf; 24_bg_report.pdf; 24_youth_antlerless_drawing_odds_report.pdf,antlerless_preference; harvest_or_results,Elk,"Box Elder, Hansel Mtn",Any Legal Weapon,True,True,False,True,False,MEDIUM,False,no_harvest_source
EA1267,4,4,2024_antlerless_hr.pdf; 24_antlerless_drawing_odds_report.pdf; 24_bg_report.pdf; 24_youth_antlerless_drawing_odds_report.pdf,antlerless_preference; harvest_or_results,Elk,Cache,Any Legal Weapon,True,True,False,True,False,MEDIUM,False,no_harvest_source
EA1268,3,3,2024_antlerless_hr.pdf; 24_antlerless_drawing_odds_report.pdf; 24_bg_report.pdf,antlerless_preference; harvest_or_results,Elk,"North Slope, Summit",Archery,True,True,False,True,False,MEDIUM,False,no_harvest_source
EA1269,4,4,2024_antlerless_hr.pdf; 24_antlerless_drawing_odds_report.pdf; 24_bg_report.pdf; 24_youth_antlerless_drawing_odds_report.pdf,antlerless_preference; harvest_or_results,Elk,Ogden (excludes Hyrum),Any Legal Weapon,True,True,False,True,False,MEDIUM,False,no_harvest_source
EA2033,3,3,2024_antlerless_hr.pdf; 24_antlerless_drawing_odds_report.pdf; 24_bg_report.pdf,antlerless_preference; harvest_or_results,Elk,Kamas,Any Legal Weapon,True,True,False,True,False,MEDIUM,False,no_harvest_source
EA2034,3,3,2024_antlerless_hr.pdf; 24_antlerless_drawing_odds_report.pdf; 24_bg_report.pdf,antlerless_preference; harvest_or_results,Elk,"Nine Mile, Anthro",Archery,True,True,False,True,False,MEDIUM,False,no_harvest_source
EA2036,4,4,2024_antlerless_hr.pdf; 24_antlerless_drawing_odds_report.pdf; 24_bg_report.pdf; 24_youth_antlerless_drawing_odds_report.pdf,antlerless_preference; harvest_or_results,Elk,"Oquirrh-Stansbury, East",Any Legal Weapon,True,True,False,True,False,MEDIUM,False,no_harvest_source
EA2037,4,4,2024_antlerless_hr.pdf; 24_antlerless_drawing_odds_report.pdf; 24_bg_report.pdf; 24_youth_antlerless_drawing_odds_report.pdf,antlerless_preference; harvest_or_results,Elk,Yellowstone,Archery,True,True,False,True,False,MEDIUM,False,no_harvest_source
EA2038,4,4,2024_antlerless_hr.pdf; 24_antlerless_drawing_odds_report.pdf; 24_bg_report.pdf; 24_youth_antlerless_drawing_odds_report.pdf,antlerless_preference; harvest_or_results,Elk,Wasatch Mtns,Archery,True,True,False,True,False,MEDIUM,False,no_harvest_source
EB1000,1,1,24-25_sportsman_odds.pdf,limited_entry_bonus,Elk,Elk - Statewide Permit,Any Legal Weapon,True,True,False,True,False,MEDIUM,False,no_harvest_source
EB1007,2,2,24_youth_elk.pdf; 24_youth_elk_POINTS.pdf,youth_misc,Elk,Draw-only Youth Any Bull/Hunter's Choice Elk,Any Legal Weapon,True,True,False,True,False,MEDIUM,False,no_harvest_source
GO1000,1,1,24-25_sportsman_odds.pdf,limited_entry_bonus,Mountain Goat,Mountain Goat - Statewide Permit,Any Legal Weapon,True,True,False,True,False,MEDIUM,False,no_harvest_source
MA1005,3,3,2024_antlerless_hr.pdf; 24_antlerless_drawing_odds_report.pdf; 24_bg_report.pdf,antlerless_preference; harvest_or_results,Moose,Morgan-South Rich,Any Legal Weapon,True,True,False,True,False,MEDIUM,False,no_harvest_source
MB1000,1,1,24-25_sportsman_odds.pdf,limited_entry_bonus,Moose,Moose - Statewide Permit,Any Legal Weapon,True,True,False,True,False,MEDIUM,False,no_harvest_source
MB6225,2,2,2024_le_oial_all.pdf; 24_bg_report.pdf,harvest_or_results,Moose,Wallsburg,Any Legal Weapon,True,True,False,False,True,MEDIUM,False,no_draw_source
MB6262,2,2,2024_le_oial_all.pdf; 24_bg_report.pdf,harvest_or_results,Moose,Junction Valley,Any Legal Weapon,True,True,False,False,True,MEDIUM,False,no_draw_source
PB1000,1,1,24-25_sportsman_odds.pdf,limited_entry_bonus,Moose,Pronghorn - Statewide Permit,Any Legal Weapon,True,True,False,True,False,MEDIUM,False,no_harvest_source
PB5343,2,2,2024_le_oial_all.pdf; 24_bg_report.pdf,harvest_or_results,Pronghorn,Prohibition Springs,Any Legal Weapon,True,True,False,False,True,MEDIUM,False,no_draw_source
PD1000,4,4,2024_antlerless_hr.pdf; 24_antlerless_drawing_odds_report.pdf; 24_bg_report.pdf; 24_youth_antlerless_drawing_odds_report.pdf,antlerless_preference; harvest_or_results,Pronghorn,"Box Elder, Snowville",Any Legal Weapon,True,True,False,True,False,MEDIUM,False,no_harvest_source
PD1012,4,4,2024_antlerless_hr.pdf; 24_antlerless_drawing_odds_report.pdf; 24_bg_report.pdf; 24_youth_antlerless_drawing_odds_report.pdf,antlerless_preference; harvest_or_results,Pronghorn,"Box Elder, Promontory",Any Legal Weapon,True,True,False,True,False,MEDIUM,False,no_harvest_source
PD1016,4,4,2024_antlerless_hr.pdf; 24_antlerless_drawing_odds_report.pdf; 24_bg_report.pdf; 24_youth_antlerless_drawing_odds_report.pdf,antlerless_preference; harvest_or_results,Pronghorn,Zane,Any Legal Weapon,True,True,False,True,False,MEDIUM,False,no_harvest_source
PD1017,4,4,2024_antlerless_hr.pdf; 24_antlerless_drawing_odds_report.pdf; 24_bg_report.pdf; 24_youth_antlerless_drawing_odds_report.pdf,antlerless_preference; harvest_or_results,Pronghorn,"Box Elder, West",Any Legal Weapon,True,True,False,True,False,MEDIUM,False,no_harvest_source
PD1025,4,4,2024_antlerless_hr.pdf; 24_antlerless_drawing_odds_report.pdf; 24_bg_report.pdf; 24_youth_antlerless_drawing_odds_report.pdf,antlerless_preference; harvest_or_results,Pronghorn,Cottonwood Ridge,Any Legal Weapon,True,True,False,True,False,MEDIUM,False,no_harvest_source
PD1026,4,4,2024_antlerless_hr.pdf; 24_antlerless_drawing_odds_report.pdf; 24_bg_report.pdf; 24_youth_antlerless_drawing_odds_report.pdf,antlerless_preference; harvest_or_results,Pronghorn,Pahvant Ensign,Any Legal Weapon,True,True,False,True,False,MEDIUM,False,no_harvest_source
PD1031,4,4,2024_antlerless_hr.pdf; 24_antlerless_drawing_odds_report.pdf; 24_bg_report.pdf; 24_youth_antlerless_drawing_odds_report.pdf,antlerless_preference; harvest_or_results,Pronghorn,Westlake,Any Legal Weapon,True,True,False,True,False,MEDIUM,False,no_harvest_source
PD1033,4,4,2024_antlerless_hr.pdf; 24_antlerless_drawing_odds_report.pdf; 24_bg_report.pdf; 24_youth_antlerless_drawing_odds_report.pdf,antlerless_preference; harvest_or_results,Pronghorn,"San Rafael, Poison Springs Bench",Any Legal Weapon,True,True,False,True,False,MEDIUM,False,no_harvest_source
PD1034,4,4,2024_antlerless_hr.pdf; 24_antlerless_drawing_odds_report.pdf; 24_bg_report.pdf; 24_youth_antlerless_drawing_odds_report.pdf,antlerless_preference; harvest_or_results,Pronghorn,"Fillmore, Oak Creek South",Any Legal Weapon,True,True,False,True,False,MEDIUM,False,no_harvest_source
PD1035,4,4,2024_antlerless_hr.pdf; 24_antlerless_drawing_odds_report.pdf; 24_bg_report.pdf; 24_youth_antlerless_drawing_odds_report.pdf,antlerless_preference; harvest_or_results,Pronghorn,"Fillmore, Oak Creek South",Any Legal Weapon,True,True,False,True,False,MEDIUM,False,no_harvest_source
PD1043,4,4,2024_antlerless_hr.pdf; 24_antlerless_drawing_odds_report.pdf; 24_bg_report.pdf; 24_youth_antlerless_drawing_odds_report.pdf,antlerless_preference; harvest_or_results,Pronghorn,"Nine Mile, Anthro-Pleasant Valley",Any Legal Weapon,True,True,False,True,False,MEDIUM,False,no_harvest_source
PD1044,4,4,2024_antlerless_hr.pdf; 24_antlerless_drawing_odds_report.pdf; 24_bg_report.pdf; 24_youth_antlerless_drawing_odds_report.pdf,antlerless_preference; harvest_or_results,Pronghorn,Vernal-Ouray Valley,Any Legal Weapon,True,True,False,True,False,MEDIUM,False,no_harvest_source
RE1000,3,3,2024_antlerless_hr.pdf; 24_antlerless_drawing_odds_report.pdf; 24_bg_report.pdf,antlerless_preference; harvest_or_results,Rocky Mountain Bighorn Sheep,"Box Elder, Newfoundland Mtn",Any Legal Weapon,True,True,False,True,False,MEDIUM,False,no_harvest_source
RS0001,1,1,24-25_sportsman_odds.pdf,limited_entry_bonus,Rocky Mountain Bighorn Sheep,Rocky Mountain Bighorn Sheep - Statewide Permit,Any Legal Weapon,True,True,False,True,False,MEDIUM,False,no_harvest_source
